application_number,status,settled_at,amount_financed,deposit_amount,balloon_amount,repayment_term_month,applicant_entity_type,asset_supplier_type,asset_category,asset_type,asset_manufacture_year,usage_type,lender_name,gst_registered_date,abn_registered_date,guarantor_1_residential_status,Asset_age,GST_in_Months,ABN_in_Months,Lender1,Lender2,Lender3,Lender4,Lender5,Lender6,Lender7,Lender8,Lender9,Lender10,Lender11,Lender12,Lender13,Lender14,Lender15,Lender16,Lender17,Lender18,Lender19,Lender20,Lender21,Lender22
QF12057,DRAFTED_AMENDED,,108900.0,0.0,0.0,60,TRUST,DEALER,TERTIARY_ASSETS,BEAUTY_EQUIPMENT,2023,NEW,Flexicommercial,6/1/2015,4/1/2015,OWNING,1,111,113,Tertiary Flexi_upto_20K : Loan Amount Exceded Allowed Loan Limit,Tertiary Flexi_from_20_50K : Loan Amount Exceded Allowed Loan Limit,Tertiary Flexi_50_300K,Tertiary Pepper_Tier_A : Loan Amount Exceded Allowed Loan Limit,Tertiary Pepper_Tier_B : Loan Amount Exceded Allowed Loan Limit,"Tertiary Resimac- low doc : Loan Amount of greater than 1,00,000",Tertiary Resimac- light doc,,,,,,,,,,,,,,,
QF12088,SETTLED,12/18/2023,65934.5,0.0,0.0,60,SOLE TRADERS,DEALER,TERTIARY_ASSETS,BEAUTY_EQUIPMENT,2023,NEW,Pepper,3/21/2015,12/1/2010,OWNING,0,104,156,Tertiary Flexi_upto_20K : Loan Amount Exceded Allowed Loan Limit,Tertiary Flexi_from_20_50K : Loan Amount Exceded Allowed Loan Limit,Tertiary Flexi_50_300K,Tertiary Pepper_Tier_A,Tertiary Pepper_Tier_B : Loan Amount Exceded Allowed Loan Limit,Tertiary Resimac- low doc,"Tertiary Resimac- light doc : Loan Amount of greater than 150,000",,,,,,,,,,,,,,,
QF12095,SETTLED,1/24/2024,141685.5,100000.0,0.0,60,COMPANY,DEALER,TERTIARY_ASSETS,BEAUTY_EQUIPMENT,2023,NEW,Flexicommercial,7/23/2020,7/23/2020,OWNING,1,42,42,Tertiary Flexi_upto_20K : Loan Amount Exceded Allowed Loan Limit,Tertiary Flexi_from_20_50K : Loan Amount Exceded Allowed Loan Limit,Tertiary Flexi_50_300K,Tertiary Pepper_Tier_A : Loan Amount Exceded Allowed Loan Limit,Tertiary Pepper_Tier_B : Loan Amount Exceded Allowed Loan Limit,"Tertiary Resimac- low doc : Loan Amount of greater than 1,00,000","Tertiary Resimac- light doc : Loan Amount of greater than 150,000",,,,,,,,,,,,,,,
QF12110,SETTLED,2/28/2024,58974.5,50050.0,0.0,36,COMPANY,DEALER,TERTIARY_ASSETS,BEAUTY_EQUIPMENT,2023,NEW,Pepper,3/8/2017,3/8/2017,OWNING,1,83,83,Tertiary Flexi_upto_20K : Loan Amount Exceded Allowed Loan Limit,Tertiary Flexi_from_20_50K : Loan Amount Exceded Allowed Loan Limit,Tertiary Flexi_50_300K,Tertiary Pepper_Tier_A,Tertiary Pepper_Tier_B : Loan Amount Exceded Allowed Loan Limit,Tertiary Resimac- low doc,"Tertiary Resimac- light doc : Loan Amount of greater than 150,000",,,,,,,,,,,,,,,
QF12115,SETTLED,12/8/2023,140000.0,10000.0,0.0,36,SOLE TRADERS,DEALER,TERTIARY_ASSETS,BEAUTY_EQUIPMENT,2023,NEW,Flexicommercial,2/21/2007,2/21/2007,OWNING,0,201,201,Tertiary Flexi_upto_20K : Loan Amount Exceded Allowed Loan Limit,Tertiary Flexi_from_20_50K : Loan Amount Exceded Allowed Loan Limit,Tertiary Flexi_50_300K,Tertiary Pepper_Tier_A : Loan Amount Exceded Allowed Loan Limit,Tertiary Pepper_Tier_B : Loan Amount Exceded Allowed Loan Limit,"Tertiary Resimac- low doc : Loan Amount of greater than 1,00,000","Tertiary Resimac- light doc : Loan Amount of greater than 150,000",,,,,,,,,,,,,,,
QF12162,SETTLED,12/1/2023,35675.81,0.0,0.0,36,COMPANY,DEALER,TERTIARY_ASSETS,BEAUTY_EQUIPMENT,2023,NEW,Pepper,8/11/2015,8/11/2015,OWNING,0,99,99,Tertiary Flexi_upto_20K : Loan Amount Exceded Allowed Loan Limit,Tertiary Flexi_from_20_50K,Tertiary Flexi_50_300K : Loan Amount Exceded Allowed Loan Limit,Tertiary Pepper_Tier_A,Tertiary Pepper_Tier_B,Tertiary Resimac- low doc,"Tertiary Resimac- light doc : Loan Amount of greater than 150,000",,,,,,,,,,,,,,,
QF12164,SETTLED,12/11/2023,100434.5,26500.0,0.0,60,COMPANY,DEALER,TERTIARY_ASSETS,BEAUTY_EQUIPMENT,2023,DEMO,Flexicommercial,8/1/2022,8/1/2022,RENTING,0,16,16,Tertiary Flexi_upto_20K : ABN(In Months) is Less then Expected ABN,Tertiary Flexi_from_20_50K : ABN(In Months) is Less then Expected ABN,Tertiary Flexi_50_300K : ABN(In Months) is Less then Expected ABN,Tertiary Pepper_Tier_A : ABN(In Months) is Less then Expected ABN,Tertiary Pepper_Tier_B : ABN(In Months) is Less then Expected ABN,Tertiary Resimac- low doc : ABN(In Months) is Less then Expected ABN,Tertiary Resimac- light doc :  Gurantor residence status is not Owned also the Asset is not motor Vehicle,,,,,,,,,,,,,,,
QF12168,APPROVED_WAITING_FOR_MORE_INFO,,89424.5,22000.0,0.0,60,SOLE TRADERS,DEALER,TERTIARY_ASSETS,BEAUTY_EQUIPMENT,2023,NEW,Flexicommercial,7/1/2021,12/21/2018,RENTING,1,38,68,Tertiary Flexi_upto_20K : Loan Amount Exceded Allowed Loan Limit,Tertiary Flexi_from_20_50K : Loan Amount Exceded Allowed Loan Limit,Tertiary Flexi_50_300K,Tertiary Pepper_Tier_A : Loan Amount Exceded Allowed Loan Limit,Tertiary Pepper_Tier_B : Loan Amount Exceded Allowed Loan Limit,Tertiary Resimac- low doc :  Gurantor residence status is not Owned also the Asset is not motor Vehicle,"Tertiary Resimac- light doc : Loan Amount of greater than 150,000",,,,,,,,,,,,,,,
QF12173,SETTLED,12/7/2023,99000.0,0.0,0.0,60,COMPANY,PRIVATE,PRIMARY_ASSETS,TRAILERS,2004,NEW,Flexicommercial,2/1/2020,1/9/2020,OWNING,19,46,46,Primary Flexi_up_to_20K : Loan Amount Exceded Allowed Loan Limit,Primary Flexi_from_20_50K : Loan Amount Exceded Allowed Loan Limit,Primary Flexi_50_300K,Primary Pepper_Tier_A : ABN(In Months) is Less then Expected ABN,Primary Pepper_Tier_B : Max Age of Asset Limit exceeded,Primary Pepper_Tier_C : Loan Amount Exceded Allowed Loan Limit,Primary Resimac- low doc,Primary Resimac- light doc : ABN(In Months) is Less then Expected ABN,,,,,,,,,,,,,,
QF12175,SETTLED,12/22/2023,132000.0,0.0,0.0,60,TRUST,DEALER,SOLE TRADER,MEDICAL_DENTAL_LABORATORY_EQUIPMENT,2023,NEW,Flexicommercial,10/1/2013,2/8/2013,RENTING,0,122,130,Primary Flexi_up_to_20K : Loan Amount Exceded Allowed Loan Limit,Primary Flexi_from_20_50K : Loan Amount Exceded Allowed Loan Limit,Primary Flexi_50_300K,Secondary Flexi_upto_20K : Loan Amount Exceded Allowed Loan Limit,Secondary Flexi_from_20_50K : Loan Amount Exceded Allowed Loan Limit,Secondary Flexi_50_300K,Tertiary Flexi_upto_20K : Loan Amount Exceded Allowed Loan Limit,Tertiary Flexi_from_20_50K : Loan Amount Exceded Allowed Loan Limit,Tertiary Flexi_50_300K,Primary Pepper_Tier_A :  Gurantor residence status is not Owned also the Asset is not motor Vehicle,Primary Pepper_Tier_B :  Gurantor residence status is not Owned also the Asset is not motor Vehicle,Primary Pepper_Tier_C : Loan Amount Exceded Allowed Loan Limit,Secondary Pepper_Tier_A : Repayment Term Condition is not satisfied with 60 Repayments,Secondary Pepper_Tier_B : Repayment Term Condition is not satisfied with 60 Repayments,Tertiary Pepper_Tier_A : Loan Amount Exceded Allowed Loan Limit,Tertiary Pepper_Tier_B : Loan Amount Exceded Allowed Loan Limit,Primary Resimac- low doc :  Gurantor residence status is not Owned also the Asset is not motor Vehicle,Primary Resimac- light doc :  Gurantor residence status is not Owned also the Asset is not motor Vehicle,Secondary Resimac- low doc :  Gurantor residence status is not Owned also the Asset is not motor Vehicle,"Secondary Resimac- light doc : Loan Amount of greater than 175,000","Tertiary Resimac- low doc : Loan Amount of greater than 1,00,000","Tertiary Resimac- light doc : Loan Amount of greater than 150,000"
QF12180,SETTLED,12/19/2023,148500.0,16500.0,0.0,60,SOLE TRADERS,DEALER,TERTIARY_ASSETS,BEAUTY_EQUIPMENT,2023,NEW,Flexicommercial,3/21/2015,12/1/2010,OWNING,0,104,156,Tertiary Flexi_upto_20K : Loan Amount Exceded Allowed Loan Limit,Tertiary Flexi_from_20_50K : Loan Amount Exceded Allowed Loan Limit,Tertiary Flexi_50_300K,Tertiary Pepper_Tier_A : Loan Amount Exceded Allowed Loan Limit,Tertiary Pepper_Tier_B : Loan Amount Exceded Allowed Loan Limit,"Tertiary Resimac- low doc : Loan Amount of greater than 1,00,000","Tertiary Resimac- light doc : Loan Amount of greater than 150,000",,,,,,,,,,,,,,,
QF12189,SUBMITTED_AMENDED,,99599.5,0.0,0.0,36,COMPANY,PRIVATE,PRIMARY_ASSETS,TRAILERS,2004,USED,Flexicommercial,2/26/2018,2/26/2018,OWNING,20,78,78,Primary Flexi_up_to_20K : Loan Amount Exceded Allowed Loan Limit,Primary Flexi_from_20_50K : Loan Amount Exceded Allowed Loan Limit,Primary Flexi_50_300K,Primary Pepper_Tier_A : Max Age of Asset Limit exceeded,Primary Pepper_Tier_B : Max Age of Asset Limit exceeded,Primary Pepper_Tier_C : Loan Amount Exceded Allowed Loan Limit,Primary Resimac- low doc,Primary Resimac- light doc,,,,,,,,,,,,,,
QF12192,SETTLED,12/22/2023,41424.5,13900.0,0.0,36,COMPANY,DEALER,TERTIARY_ASSETS,BEAUTY_EQUIPMENT,2022,NEW,Pepper,9/1/2020,8/7/2020,RENTING,1,39,40,Tertiary Flexi_upto_20K : Loan Amount Exceded Allowed Loan Limit,Tertiary Flexi_from_20_50K,Tertiary Flexi_50_300K : Loan Amount Exceded Allowed Loan Limit,Tertiary Pepper_Tier_A :  Gurantor residence status is not Owned also the Asset is not motor Vehicle,Tertiary Pepper_Tier_B :  Gurantor residence status is not Owned also the Asset is not motor Vehicle,Tertiary Resimac- low doc :  Gurantor residence status is not Owned also the Asset is not motor Vehicle,"Tertiary Resimac- light doc : Loan Amount of greater than 150,000",,,,,,,,,,,,,,,
QF12196,SETTLED,2/5/2024,97900.0,0.0,0.0,36,TRUST,DEALER,SOLE TRADER,MEDICAL_DENTAL_LABORATORY_EQUIPMENT,2023,NEW,Flexicommercial,10/16/2014,10/16/2014,OWNING,1,111,111,Primary Flexi_up_to_20K : Loan Amount Exceded Allowed Loan Limit,Primary Flexi_from_20_50K : Loan Amount Exceded Allowed Loan Limit,Primary Flexi_50_300K,Secondary Flexi_upto_20K : Loan Amount Exceded Allowed Loan Limit,Secondary Flexi_from_20_50K : Loan Amount Exceded Allowed Loan Limit,Secondary Flexi_50_300K,Tertiary Flexi_upto_20K : Loan Amount Exceded Allowed Loan Limit,Tertiary Flexi_from_20_50K : Loan Amount Exceded Allowed Loan Limit,Tertiary Flexi_50_300K,Primary Pepper_Tier_A,Primary Pepper_Tier_B,Primary Pepper_Tier_C : Loan Amount Exceded Allowed Loan Limit,Secondary Pepper_Tier_A : Repayment Term Condition is not satisfied with 60 Repayments,Secondary Pepper_Tier_B : Repayment Term Condition is not satisfied with 60 Repayments,Tertiary Pepper_Tier_A : Loan Amount Exceded Allowed Loan Limit,Tertiary Pepper_Tier_B : Loan Amount Exceded Allowed Loan Limit,Primary Resimac- low doc,Primary Resimac- light doc,Secondary Resimac- low doc,"Secondary Resimac- light doc : Loan Amount of greater than 175,000",Tertiary Resimac- low doc,"Tertiary Resimac- light doc : Loan Amount of greater than 150,000"
QF12198,SETTLED,1/18/2024,70634.5,0.0,0.0,60,COMPANY,DEALER,TERTIARY_ASSETS,BEAUTY_EQUIPMENT,2023,NEW,Pepper,9/5/2017,9/5/2017,RENTING,1,76,76,Tertiary Flexi_upto_20K : Loan Amount Exceded Allowed Loan Limit,Tertiary Flexi_from_20_50K : Loan Amount Exceded Allowed Loan Limit,Tertiary Flexi_50_300K,Tertiary Pepper_Tier_A :  Gurantor residence status is not Owned also the Asset is not motor Vehicle,Tertiary Pepper_Tier_B : Loan Amount Exceded Allowed Loan Limit,Tertiary Resimac- low doc :  Gurantor residence status is not Owned also the Asset is not motor Vehicle,"Tertiary Resimac- light doc : Loan Amount of greater than 150,000",,,,,,,,,,,,,,,
QF12200,SETTLED,1/4/2024,53999.0,6000.0,0.0,60,COMPANY,DEALER,CARS_AND_LIGHT_TRUCKS,PASSENGER_VEHICLES,2021,NEW,Pepper,9/9/2021,9/9/2021,RENTING,3,27,27,Primary Flexi_up_to_20K : Loan Amount Exceded Allowed Loan Limit,Primary Flexi_from_20_50K : Loan Amount Exceded Allowed Loan Limit,Primary Flexi_50_300K,Secondary Flexi_upto_20K : Loan Amount Exceded Allowed Loan Limit,Secondary Flexi_from_20_50K : Loan Amount Exceded Allowed Loan Limit,Secondary Flexi_50_300K,Tertiary Flexi_upto_20K : Loan Amount Exceded Allowed Loan Limit,Tertiary Flexi_from_20_50K : Loan Amount Exceded Allowed Loan Limit,Tertiary Flexi_50_300K,Primary Pepper_Tier_A : ABN(In Months) is Less then Expected ABN,Primary Pepper_Tier_B :  Gurantor residence status is not Owned also the Asset is not motor Vehicle,Primary Pepper_Tier_C : Loan Amount Exceded Allowed Loan Limit,Secondary Pepper_Tier_A : Repayment Term Condition is not satisfied with 60 Repayments,Secondary Pepper_Tier_B : Repayment Term Condition is not satisfied with 60 Repayments,Tertiary Pepper_Tier_A :  Gurantor residence status is not Owned also the Asset is not motor Vehicle,Tertiary Pepper_Tier_B :  Gurantor residence status is not Owned also the Asset is not motor Vehicle,Primary Resimac- low doc :  Gurantor residence status is not Owned also the Asset is not motor Vehicle,Primary Resimac- light doc : ABN(In Months) is Less then Expected ABN,Secondary Resimac- low doc :  Gurantor residence status is not Owned also the Asset is not motor Vehicle,"Secondary Resimac- light doc : Loan Amount of greater than 175,000",Tertiary Resimac- low doc :  Gurantor residence status is not Owned also the Asset is not motor Vehicle,"Tertiary Resimac- light doc : Loan Amount of greater than 150,000"
QF12206,SETTLED,1/22/2024,104500.0,0.0,0.0,60,COMPANY,DEALER,SOLE TRADER,MEDICAL_DENTAL_LABORATORY_EQUIPMENT,2023,NEW,Flexicommercial,7/1/2014,6/17/2014,OWNING,1,114,115,Primary Flexi_up_to_20K : Loan Amount Exceded Allowed Loan Limit,Primary Flexi_from_20_50K : Loan Amount Exceded Allowed Loan Limit,Primary Flexi_50_300K,Secondary Flexi_upto_20K : Loan Amount Exceded Allowed Loan Limit,Secondary Flexi_from_20_50K : Loan Amount Exceded Allowed Loan Limit,Secondary Flexi_50_300K,Tertiary Flexi_upto_20K : Loan Amount Exceded Allowed Loan Limit,Tertiary Flexi_from_20_50K : Loan Amount Exceded Allowed Loan Limit,Tertiary Flexi_50_300K,Primary Pepper_Tier_A,Primary Pepper_Tier_B,Primary Pepper_Tier_C : Loan Amount Exceded Allowed Loan Limit,Secondary Pepper_Tier_A : Repayment Term Condition is not satisfied with 60 Repayments,Secondary Pepper_Tier_B : Repayment Term Condition is not satisfied with 60 Repayments,Tertiary Pepper_Tier_A : Loan Amount Exceded Allowed Loan Limit,Tertiary Pepper_Tier_B : Loan Amount Exceded Allowed Loan Limit,Primary Resimac- low doc,Primary Resimac- light doc,Secondary Resimac- low doc,"Secondary Resimac- light doc : Loan Amount of greater than 175,000","Tertiary Resimac- low doc : Loan Amount of greater than 1,00,000",Tertiary Resimac- light doc
QF12221,SETTLED,3/6/2024,70744.5,0.0,0.0,60,TRUST,DEALER,TERTIARY_ASSETS,BEAUTY_EQUIPMENT,2023,NEW,Pepper,10/1/2018,10/1/2018,OWNING,1,65,65,Tertiary Flexi_upto_20K : Loan Amount Exceded Allowed Loan Limit,Tertiary Flexi_from_20_50K : Loan Amount Exceded Allowed Loan Limit,Tertiary Flexi_50_300K,Tertiary Pepper_Tier_A,Tertiary Pepper_Tier_B : Loan Amount Exceded Allowed Loan Limit,Tertiary Resimac- low doc,"Tertiary Resimac- light doc : Loan Amount of greater than 150,000",,,,,,,,,,,,,,,
QF12232,SETTLED,2/22/2024,150000.0,0.0,0.0,60,TRUST,DEALER,SOLE TRADER,MEDICAL_DENTAL_LABORATORY_EQUIPMENT,2023,NEW,Flexicommercial,11/30/2021,11/30/2021,OWNING,1,26,26,Primary Flexi_up_to_20K : Loan Amount Exceded Allowed Loan Limit,Primary Flexi_from_20_50K : Loan Amount Exceded Allowed Loan Limit,Primary Flexi_50_300K,Secondary Flexi_upto_20K : Loan Amount Exceded Allowed Loan Limit,Secondary Flexi_from_20_50K : Loan Amount Exceded Allowed Loan Limit,Secondary Flexi_50_300K,Tertiary Flexi_upto_20K : Loan Amount Exceded Allowed Loan Limit,Tertiary Flexi_from_20_50K : Loan Amount Exceded Allowed Loan Limit,Tertiary Flexi_50_300K,Primary Pepper_Tier_A : ABN(In Months) is Less then Expected ABN,Primary Pepper_Tier_B,Primary Pepper_Tier_C : Loan Amount Exceded Allowed Loan Limit,Secondary Pepper_Tier_A : Repayment Term Condition is not satisfied with 60 Repayments,Secondary Pepper_Tier_B : Repayment Term Condition is not satisfied with 60 Repayments,Tertiary Pepper_Tier_A : Loan Amount Exceded Allowed Loan Limit,Tertiary Pepper_Tier_B : Loan Amount Exceded Allowed Loan Limit,Primary Resimac- low doc,Primary Resimac- light doc : ABN(In Months) is Less then Expected ABN,Secondary Resimac- low doc,"Secondary Resimac- light doc : Loan Amount of greater than 175,000","Tertiary Resimac- low doc : Loan Amount of greater than 1,00,000","Tertiary Resimac- light doc : Loan Amount of greater than 150,000"
QF12238,SETTLED,8/20/2024,70984.5,16900.0,0.0,60,PARTNERSHIP,DEALER,TERTIARY_ASSETS,BEAUTY_EQUIPMENT,2023,NEW,Pepper,1/1/2011,1/1/2011,OWNING,1,163,163,Tertiary Flexi_upto_20K : Loan Amount Exceded Allowed Loan Limit,Tertiary Flexi_from_20_50K : Loan Amount Exceded Allowed Loan Limit,Tertiary Flexi_50_300K,Tertiary Pepper_Tier_A,Tertiary Pepper_Tier_B : Loan Amount Exceded Allowed Loan Limit,Tertiary Resimac- low doc,"Tertiary Resimac- light doc : Loan Amount of greater than 150,000",,,,,,,,,,,,,,,
QF12249,SETTLED,2/22/2024,37934.51,0.0,0.0,60,TRUST,DEALER,TERTIARY_ASSETS,BEAUTY_EQUIPMENT,2023,NEW,Pepper,11/30/2021,11/30/2021,OWNING,1,26,26,Tertiary Flexi_upto_20K : Loan Amount Exceded Allowed Loan Limit,Tertiary Flexi_from_20_50K,Tertiary Flexi_50_300K : Loan Amount Exceded Allowed Loan Limit,Tertiary Pepper_Tier_A,Tertiary Pepper_Tier_B,Tertiary Resimac- low doc,"Tertiary Resimac- light doc : Loan Amount of greater than 150,000",,,,,,,,,,,,,,,
QF12250,APPROVED_WAITING_FOR_MORE_INFO,,154000.0,0.0,0.0,60,COMPANY,DEALER,TERTIARY_ASSETS,BEAUTY_EQUIPMENT,2024,NEW,Flexicommercial,5/25/2020,3/23/2020,OWNING,0,51,53,Tertiary Flexi_upto_20K : Loan Amount Exceded Allowed Loan Limit,Tertiary Flexi_from_20_50K : Loan Amount Exceded Allowed Loan Limit,Tertiary Flexi_50_300K,Tertiary Pepper_Tier_A : Loan Amount Exceded Allowed Loan Limit,Tertiary Pepper_Tier_B : Loan Amount Exceded Allowed Loan Limit,"Tertiary Resimac- low doc : Loan Amount of greater than 1,00,000","Tertiary Resimac- light doc : Loan Amount of greater than 150,000",,,,,,,,,,,,,,,
QF12255,SETTLED,2/22/2024,23864.5,5720.0,0.0,60,COMPANY,DEALER,TERTIARY_ASSETS,BEAUTY_EQUIPMENT,2019,NEW,Pepper,9/14/2018,9/14/2018,OWNING,5,65,65,Tertiary Flexi_upto_20K : Loan Amount Exceded Allowed Loan Limit,Tertiary Flexi_from_20_50K,Tertiary Flexi_50_300K : Loan Amount Exceded Allowed Loan Limit,Tertiary Pepper_Tier_A,Tertiary Pepper_Tier_B,Tertiary Resimac- low doc,"Tertiary Resimac- light doc : Loan Amount of greater than 150,000",,,,,,,,,,,,,,,
QF12257,SETTLED,2/26/2024,66234.5,0.0,0.0,60,SOLE TRADERS,DEALER,TERTIARY_ASSETS,BEAUTY_EQUIPMENT,2024,NEW,Pepper,4/1/2017,9/24/2014,OWNING,0,82,113,Tertiary Flexi_upto_20K : Loan Amount Exceded Allowed Loan Limit,Tertiary Flexi_from_20_50K : Loan Amount Exceded Allowed Loan Limit,Tertiary Flexi_50_300K,Tertiary Pepper_Tier_A,Tertiary Pepper_Tier_B : Loan Amount Exceded Allowed Loan Limit,Tertiary Resimac- low doc,"Tertiary Resimac- light doc : Loan Amount of greater than 150,000",,,,,,,,,,,,,,,
QF12264,SETTLED,3/4/2024,69300.0,0.0,0.0,60,SOLE TRADERS,DEALER,TERTIARY_ASSETS,BEAUTY_EQUIPMENT,2024,NEW,Flexicommercial,6/11/2021,4/3/2017,OWNING,0,32,83,Tertiary Flexi_upto_20K : Loan Amount Exceded Allowed Loan Limit,Tertiary Flexi_from_20_50K : Loan Amount Exceded Allowed Loan Limit,Tertiary Flexi_50_300K,Tertiary Pepper_Tier_A,Tertiary Pepper_Tier_B : Loan Amount Exceded Allowed Loan Limit,Tertiary Resimac- low doc,"Tertiary Resimac- light doc : Loan Amount of greater than 150,000",,,,,,,,,,,,,,,
QF12291,SETTLED,3/5/2024,190000.0,19000.0,0.0,60,COMPANY,DEALER,PRIMARY_ASSETS,YELLOW_GOODS_AND_EXCAVATORS,2023,NEW,Flexicommercial,7/1/2000,4/1/2000,OWNING,1,284,287,Primary Flexi_up_to_20K : Loan Amount Exceded Allowed Loan Limit,Primary Flexi_from_20_50K : Loan Amount Exceded Allowed Loan Limit,Primary Flexi_50_300K,Primary Pepper_Tier_A,Primary Pepper_Tier_B : Loan Amount Exceded Allowed Loan Limit,Primary Pepper_Tier_C : Loan Amount Exceded Allowed Loan Limit,Primary Resimac- low doc,Primary Resimac- light doc,,,,,,,,,,,,,,
QF12296,SETTLED,3/28/2024,156602.5,0.0,0.0,60,COMPANY,DEALER,PRIMARY_ASSETS,TRAILERS,2018,NEW,Flexicommercial,3/3/2020,10/29/2019,OWNING,6,48,52,Primary Flexi_up_to_20K : Loan Amount Exceded Allowed Loan Limit,Primary Flexi_from_20_50K : Loan Amount Exceded Allowed Loan Limit,Primary Flexi_50_300K,Primary Pepper_Tier_A : ABN(In Months) is Less then Expected ABN,Primary Pepper_Tier_B : Loan Amount Exceded Allowed Loan Limit,Primary Pepper_Tier_C : Loan Amount Exceded Allowed Loan Limit,Primary Resimac- low doc,Primary Resimac- light doc : ABN(In Months) is Less then Expected ABN,,,,,,,,,,,,,,
QF12304,SETTLED,3/26/2024,50744.5,20000.0,0.0,36,COMPANY,DEALER,TERTIARY_ASSETS,BEAUTY_EQUIPMENT,2024,NEW,Pepper,6/22/2023,6/22/2023,RENTING,0,9,9,Tertiary Flexi_upto_20K : ABN(In Months) is Less then Expected ABN,Tertiary Flexi_from_20_50K : ABN(In Months) is Less then Expected ABN,Tertiary Flexi_50_300K : ABN(In Months) is Less then Expected ABN,Tertiary Pepper_Tier_A : ABN(In Months) is Less then Expected ABN,Tertiary Pepper_Tier_B : ABN(In Months) is Less then Expected ABN,Tertiary Resimac- low doc : ABN(In Months) is Less then Expected ABN,Tertiary Resimac- light doc : ABN(In Months) is Less then Expected ABN,,,,,,,,,,,,,,,
QF12305,DRAFTED_AMENDED,,66434.5,0.0,0.0,60,TRUST,DEALER,SOLE TRADER,OTHER,2024,NEW,Flexicommercial,4/1/2012,7/22/2009,OWNING,0,149,181,Primary Flexi_up_to_20K : Loan Amount Exceded Allowed Loan Limit,Primary Flexi_from_20_50K : Loan Amount Exceded Allowed Loan Limit,Primary Flexi_50_300K,Secondary Flexi_upto_20K : Loan Amount Exceded Allowed Loan Limit,Secondary Flexi_from_20_50K : Loan Amount Exceded Allowed Loan Limit,Secondary Flexi_50_300K,Tertiary Flexi_upto_20K : Loan Amount Exceded Allowed Loan Limit,Tertiary Flexi_from_20_50K : Loan Amount Exceded Allowed Loan Limit,Tertiary Flexi_50_300K,Primary Pepper_Tier_A,Primary Pepper_Tier_B,Primary Pepper_Tier_C : Loan Amount Exceded Allowed Loan Limit,Secondary Pepper_Tier_A : Repayment Term Condition is not satisfied with 60 Repayments,Secondary Pepper_Tier_B : Repayment Term Condition is not satisfied with 60 Repayments,Tertiary Pepper_Tier_A,Tertiary Pepper_Tier_B : Loan Amount Exceded Allowed Loan Limit,Primary Resimac- low doc,Primary Resimac- light doc,Secondary Resimac- low doc,"Secondary Resimac- light doc : Loan Amount of greater than 175,000",Tertiary Resimac- low doc,"Tertiary Resimac- light doc : Loan Amount of greater than 150,000"
QF12314,DECLINED,,129644.5,32000.0,0.0,60,COMPANY,PRIVATE,CARS_AND_LIGHT_TRUCKS,PASSENGER_VEHICLES,2017,USED,Resimac,6/11/2021,6/11/2021,RENTING,7,39,39,Primary Flexi_up_to_20K : Loan Amount Exceded Allowed Loan Limit,Primary Flexi_from_20_50K : Loan Amount Exceded Allowed Loan Limit,Primary Flexi_50_300K,Secondary Flexi_upto_20K : Loan Amount Exceded Allowed Loan Limit,Secondary Flexi_from_20_50K : Loan Amount Exceded Allowed Loan Limit,Secondary Flexi_50_300K,Tertiary Flexi_upto_20K : Loan Amount Exceded Allowed Loan Limit,Tertiary Flexi_from_20_50K : Loan Amount Exceded Allowed Loan Limit,Tertiary Flexi_50_300K : usage_type of used is not allowed,Primary Pepper_Tier_A : ABN(In Months) is Less then Expected ABN,Primary Pepper_Tier_B :  Gurantor residence status is not Owned also the Asset is not motor Vehicle,Primary Pepper_Tier_C : Loan Amount Exceded Allowed Loan Limit,Secondary Pepper_Tier_A : Repayment Term Condition is not satisfied with 60 Repayments,Secondary Pepper_Tier_B : Repayment Term Condition is not satisfied with 60 Repayments,Tertiary Pepper_Tier_A : Loan Amount Exceded Allowed Loan Limit,Tertiary Pepper_Tier_B : Loan Amount Exceded Allowed Loan Limit,Primary Resimac- low doc :  Gurantor residence status is not Owned also the Asset is not motor Vehicle,Primary Resimac- light doc : ABN(In Months) is Less then Expected ABN,Secondary Resimac- low doc :  Gurantor residence status is not Owned also the Asset is not motor Vehicle,"Secondary Resimac- light doc : Loan Amount of greater than 175,000","Tertiary Resimac- low doc : Loan Amount of greater than 1,00,000","Tertiary Resimac- light doc : Loan Amount of greater than 150,000"
QF12318,SETTLED,7/9/2024,71143.51,14000.0,0.0,60,COMPANY,DEALER,TERTIARY_ASSETS,BEAUTY_EQUIPMENT,2024,NEW,Pepper,4/8/2014,4/8/2014,OWNING,0,123,123,Tertiary Flexi_upto_20K : Loan Amount Exceded Allowed Loan Limit,Tertiary Flexi_from_20_50K : Loan Amount Exceded Allowed Loan Limit,Tertiary Flexi_50_300K,Tertiary Pepper_Tier_A,Tertiary Pepper_Tier_B : Loan Amount Exceded Allowed Loan Limit,Tertiary Resimac- low doc,"Tertiary Resimac- light doc : Loan Amount of greater than 150,000",,,,,,,,,,,,,,,
QF12322,SETTLED,3/19/2024,104044.5,11500.0,0.0,60,COMPANY,DEALER,CARS_AND_LIGHT_TRUCKS,PASSENGER_VEHICLES,2022,USED,Resimac,10/14/2021,10/14/2021,RENTING,2,29,29,Primary Flexi_up_to_20K : Loan Amount Exceded Allowed Loan Limit,Primary Flexi_from_20_50K : Loan Amount Exceded Allowed Loan Limit,Primary Flexi_50_300K :  Repayment Term Condition is 60 Repayments and Asset is Old Also Asset age is less than Allowed Age,Secondary Flexi_upto_20K : Loan Amount Exceded Allowed Loan Limit,Secondary Flexi_from_20_50K : Loan Amount Exceded Allowed Loan Limit,Secondary Flexi_50_300K :  Repayment Term Condition is 60 Repayments and Asset is Old Also Asset age is less than Allowed Age,Tertiary Flexi_upto_20K : Loan Amount Exceded Allowed Loan Limit,Tertiary Flexi_from_20_50K : Loan Amount Exceded Allowed Loan Limit,Tertiary Flexi_50_300K :  Repayment Term Condition is 60 Repayments and Asset is Old Also Asset age is less than Allowed Age,Primary Pepper_Tier_A : ABN(In Months) is Less then Expected ABN,Primary Pepper_Tier_B :  Gurantor residence status is not Owned also the Asset is not motor Vehicle,Primary Pepper_Tier_C : Loan Amount Exceded Allowed Loan Limit,Secondary Pepper_Tier_A : Repayment Term Condition is not satisfied with 60 Repayments,Secondary Pepper_Tier_B : Repayment Term Condition is not satisfied with 60 Repayments,Tertiary Pepper_Tier_A : Loan Amount Exceded Allowed Loan Limit,Tertiary Pepper_Tier_B : Loan Amount Exceded Allowed Loan Limit,Primary Resimac- low doc :  Gurantor residence status is not Owned also the Asset is not motor Vehicle,Primary Resimac- light doc : ABN(In Months) is Less then Expected ABN,Secondary Resimac- low doc :  Gurantor residence status is not Owned also the Asset is not motor Vehicle,"Secondary Resimac- light doc : Loan Amount of greater than 175,000","Tertiary Resimac- low doc : Loan Amount of greater than 1,00,000",Tertiary Resimac- light doc : usage_type of used is not allowed
QF12339,SETTLED,4/12/2024,51419.48,12471.25,0.0,60,COMPANY,DEALER,SOLE TRADER,SOLAR_AND_RENEWABLES,2024,NEW,Pepper,10/1/2019,10/24/2012,RENTING,0,54,137,Primary Flexi_up_to_20K : Loan Amount Exceded Allowed Loan Limit,Primary Flexi_from_20_50K : Loan Amount Exceded Allowed Loan Limit,Primary Flexi_50_300K,Secondary Flexi_upto_20K : Loan Amount Exceded Allowed Loan Limit,Secondary Flexi_from_20_50K : Loan Amount Exceded Allowed Loan Limit,Secondary Flexi_50_300K,Tertiary Flexi_upto_20K : Loan Amount Exceded Allowed Loan Limit,Tertiary Flexi_from_20_50K : Loan Amount Exceded Allowed Loan Limit,Tertiary Flexi_50_300K,Primary Pepper_Tier_A :  Gurantor residence status is not Owned also the Asset is not motor Vehicle,Primary Pepper_Tier_B :  Gurantor residence status is not Owned also the Asset is not motor Vehicle,Primary Pepper_Tier_C : Loan Amount Exceded Allowed Loan Limit,Secondary Pepper_Tier_A : Repayment Term Condition is not satisfied with 60 Repayments,Secondary Pepper_Tier_B : Repayment Term Condition is not satisfied with 60 Repayments,Tertiary Pepper_Tier_A :  Gurantor residence status is not Owned also the Asset is not motor Vehicle,Tertiary Pepper_Tier_B :  Gurantor residence status is not Owned also the Asset is not motor Vehicle,Primary Resimac- low doc :  Gurantor residence status is not Owned also the Asset is not motor Vehicle,Primary Resimac- light doc :  Gurantor residence status is not Owned also the Asset is not motor Vehicle,Secondary Resimac- low doc :  Gurantor residence status is not Owned also the Asset is not motor Vehicle,"Secondary Resimac- light doc : Loan Amount of greater than 175,000",Tertiary Resimac- low doc :  Gurantor residence status is not Owned also the Asset is not motor Vehicle,"Tertiary Resimac- light doc : Loan Amount of greater than 150,000"
QF12365,SETTLED,4/9/2024,26400.0,0.0,0.0,60,COMPANY,DEALER,TERTIARY_ASSETS,BEAUTY_EQUIPMENT,2024,NEW,Pepper,7/1/2023,6/30/2023,OWNING,0,9,9,Tertiary Flexi_upto_20K : ABN(In Months) is Less then Expected ABN,Tertiary Flexi_from_20_50K : ABN(In Months) is Less then Expected ABN,Tertiary Flexi_50_300K : ABN(In Months) is Less then Expected ABN,Tertiary Pepper_Tier_A : ABN(In Months) is Less then Expected ABN,Tertiary Pepper_Tier_B : ABN(In Months) is Less then Expected ABN,Tertiary Resimac- low doc : ABN(In Months) is Less then Expected ABN,Tertiary Resimac- light doc : ABN(In Months) is Less then Expected ABN,,,,,,,,,,,,,,,
QF12367,SETTLED,4/24/2024,61308.5,3000.0,0.0,36,TRUST,DEALER,TERTIARY_ASSETS,BEAUTY_EQUIPMENT,2024,NEW,Pepper,7/1/2022,5/17/2022,OWNING,0,21,23,Tertiary Flexi_upto_20K : ABN(In Months) is Less then Expected ABN,Tertiary Flexi_from_20_50K : ABN(In Months) is Less then Expected ABN,Tertiary Flexi_50_300K : ABN(In Months) is Less then Expected ABN,Tertiary Pepper_Tier_A : ABN(In Months) is Less then Expected ABN,Tertiary Pepper_Tier_B : ABN(In Months) is Less then Expected ABN,Tertiary Resimac- low doc : ABN(In Months) is Less then Expected ABN,"Tertiary Resimac- light doc : Loan Amount of greater than 150,000",,,,,,,,,,,,,,,
QF12368,SETTLED,4/15/2024,33000.0,0.0,0.0,60,COMPANY,DEALER,TERTIARY_ASSETS,BEAUTY_EQUIPMENT,2024,NEW,Pepper,4/4/2022,4/4/2022,OWNING,0,24,24,Tertiary Flexi_upto_20K : Loan Amount Exceded Allowed Loan Limit,Tertiary Flexi_from_20_50K,Tertiary Flexi_50_300K : Loan Amount Exceded Allowed Loan Limit,Tertiary Pepper_Tier_A,Tertiary Pepper_Tier_B,Tertiary Resimac- low doc,"Tertiary Resimac- light doc : Loan Amount of greater than 150,000",,,,,,,,,,,,,,,
QF12370,DECLINED,,100516.65,0.0,0.0,60,COMPANY,DEALER,CARS_AND_LIGHT_TRUCKS,LIGHT_TRUCKS,2022,DEMO,Resimac,11/3/2021,11/3/2021,OWNING,2,34,34,Primary Flexi_up_to_20K : Loan Amount Exceded Allowed Loan Limit,Primary Flexi_from_20_50K : Loan Amount Exceded Allowed Loan Limit,Primary Flexi_50_300K :  Repayment Term Condition is 60 Repayments and Asset is Old Also Asset age is less than Allowed Age,Secondary Flexi_upto_20K : Loan Amount Exceded Allowed Loan Limit,Secondary Flexi_from_20_50K : Loan Amount Exceded Allowed Loan Limit,Secondary Flexi_50_300K :  Repayment Term Condition is 60 Repayments and Asset is Old Also Asset age is less than Allowed Age,Tertiary Flexi_upto_20K : Loan Amount Exceded Allowed Loan Limit,Tertiary Flexi_from_20_50K : Loan Amount Exceded Allowed Loan Limit,Tertiary Flexi_50_300K :  Repayment Term Condition is 60 Repayments and Asset is Old Also Asset age is less than Allowed Age,Primary Pepper_Tier_A : ABN(In Months) is Less then Expected ABN,Primary Pepper_Tier_B,Primary Pepper_Tier_C : Loan Amount Exceded Allowed Loan Limit,Secondary Pepper_Tier_A : Repayment Term Condition is not satisfied with 60 Repayments,Secondary Pepper_Tier_B : Repayment Term Condition is not satisfied with 60 Repayments,Tertiary Pepper_Tier_A : Loan Amount Exceded Allowed Loan Limit,Tertiary Pepper_Tier_B : Loan Amount Exceded Allowed Loan Limit,Primary Resimac- low doc,Primary Resimac- light doc : ABN(In Months) is Less then Expected ABN,Secondary Resimac- low doc,"Secondary Resimac- light doc : Loan Amount of greater than 175,000","Tertiary Resimac- low doc : Loan Amount of greater than 1,00,000",Tertiary Resimac- light doc
QF12374,SETTLED,4/29/2024,71000.0,50000.0,0.0,60,SOLE TRADERS,DEALER,TERTIARY_ASSETS,OTHER_TERTIARY,2024,NEW,Flexicommercial,7/20/2022,5/30/2022,OWNING,0,21,22,Tertiary Flexi_upto_20K : ABN(In Months) is Less then Expected ABN,Tertiary Flexi_from_20_50K : ABN(In Months) is Less then Expected ABN,Tertiary Flexi_50_300K : ABN(In Months) is Less then Expected ABN,Tertiary Pepper_Tier_A : ABN(In Months) is Less then Expected ABN,Tertiary Pepper_Tier_B : ABN(In Months) is Less then Expected ABN,Tertiary Resimac- low doc : ABN(In Months) is Less then Expected ABN,"Tertiary Resimac- light doc : Loan Amount of greater than 150,000",,,,,,,,,,,,,,,
QF12382,SETTLED,4/24/2024,85244.5,36300.0,0.0,60,COMPANY,DEALER,TERTIARY_ASSETS,BEAUTY_EQUIPMENT,2024,NEW,Flexicommercial,12/5/2014,12/5/2014,OWNING,0,112,112,Tertiary Flexi_upto_20K : Loan Amount Exceded Allowed Loan Limit,Tertiary Flexi_from_20_50K : Loan Amount Exceded Allowed Loan Limit,Tertiary Flexi_50_300K,Tertiary Pepper_Tier_A : Loan Amount Exceded Allowed Loan Limit,Tertiary Pepper_Tier_B : Loan Amount Exceded Allowed Loan Limit,Tertiary Resimac- low doc,"Tertiary Resimac- light doc : Loan Amount of greater than 150,000",,,,,,,,,,,,,,,
QF12384,SETTLED,6/21/2024,100776.14,8668.36,0.0,60,COMPANY,DEALER,TERTIARY_ASSETS,BEAUTY_EQUIPMENT,2024,NEW,Flexicommercial,10/1/2022,11/4/2015,RENTING,0,20,103,Tertiary Flexi_upto_20K : Loan Amount Exceded Allowed Loan Limit,Tertiary Flexi_from_20_50K : GST Months is Less then Expected,Tertiary Flexi_50_300K : GST Months is Less then Expected,Tertiary Pepper_Tier_A : Loan Amount Exceded Allowed Loan Limit,Tertiary Pepper_Tier_B : Loan Amount Exceded Allowed Loan Limit,Tertiary Resimac- low doc : GST Months is Less then Expected,Tertiary Resimac- light doc :  Gurantor residence status is not Owned also the Asset is not motor Vehicle,,,,,,,,,,,,,,,
QF12385,SETTLED,4/22/2024,131065.0,0.0,0.0,60,COMPANY,DEALER,TERTIARY_ASSETS,BEAUTY_EQUIPMENT,2024,NEW,Flexicommercial,7/21/2022,7/21/2022,OWNING,0,21,21,Tertiary Flexi_upto_20K : ABN(In Months) is Less then Expected ABN,Tertiary Flexi_from_20_50K : ABN(In Months) is Less then Expected ABN,Tertiary Flexi_50_300K : ABN(In Months) is Less then Expected ABN,Tertiary Pepper_Tier_A : ABN(In Months) is Less then Expected ABN,Tertiary Pepper_Tier_B : ABN(In Months) is Less then Expected ABN,Tertiary Resimac- low doc : ABN(In Months) is Less then Expected ABN,"Tertiary Resimac- light doc : Loan Amount of greater than 150,000",,,,,,,,,,,,,,,
QF12418,SETTLED,5/14/2024,32399.09,3000.0,0.0,60,TRUST,DEALER,TERTIARY_ASSETS,BEAUTY_EQUIPMENT,2024,NEW,Pepper,8/13/2019,8/13/2019,OWNING,0,57,57,Tertiary Flexi_upto_20K : Loan Amount Exceded Allowed Loan Limit,Tertiary Flexi_from_20_50K,Tertiary Flexi_50_300K : Loan Amount Exceded Allowed Loan Limit,Tertiary Pepper_Tier_A,Tertiary Pepper_Tier_B,Tertiary Resimac- low doc,"Tertiary Resimac- light doc : Loan Amount of greater than 150,000",,,,,,,,,,,,,,,
QF12419,SETTLED,5/13/2024,131065.0,0.0,0.0,60,COMPANY,DEALER,SOLE TRADER,MEDICAL_DENTAL_LABORATORY_EQUIPMENT,2024,NEW,Flexicommercial,6/29/2021,6/29/2021,OWNING,0,34,34,Primary Flexi_up_to_20K : Loan Amount Exceded Allowed Loan Limit,Primary Flexi_from_20_50K : Loan Amount Exceded Allowed Loan Limit,Primary Flexi_50_300K,Secondary Flexi_upto_20K : Loan Amount Exceded Allowed Loan Limit,Secondary Flexi_from_20_50K : Loan Amount Exceded Allowed Loan Limit,Secondary Flexi_50_300K,Tertiary Flexi_upto_20K : Loan Amount Exceded Allowed Loan Limit,Tertiary Flexi_from_20_50K : Loan Amount Exceded Allowed Loan Limit,Tertiary Flexi_50_300K,Primary Pepper_Tier_A : ABN(In Months) is Less then Expected ABN,Primary Pepper_Tier_B,Primary Pepper_Tier_C : Loan Amount Exceded Allowed Loan Limit,Secondary Pepper_Tier_A : Repayment Term Condition is not satisfied with 60 Repayments,Secondary Pepper_Tier_B : Repayment Term Condition is not satisfied with 60 Repayments,Tertiary Pepper_Tier_A : Loan Amount Exceded Allowed Loan Limit,Tertiary Pepper_Tier_B : Loan Amount Exceded Allowed Loan Limit,Primary Resimac- low doc,Primary Resimac- light doc : ABN(In Months) is Less then Expected ABN,Secondary Resimac- low doc,"Secondary Resimac- light doc : Loan Amount of greater than 175,000","Tertiary Resimac- low doc : Loan Amount of greater than 1,00,000","Tertiary Resimac- light doc : Loan Amount of greater than 150,000"
QF12442,SETTLED,4/23/2024,52000.0,0.0,0.0,60,COMPANY,DEALER,TERTIARY_ASSETS,BEAUTY_EQUIPMENT,2024,NEW,Pepper,7/15/2023,7/15/2023,OWNING,0,9,9,Tertiary Flexi_upto_20K : ABN(In Months) is Less then Expected ABN,Tertiary Flexi_from_20_50K : ABN(In Months) is Less then Expected ABN,Tertiary Flexi_50_300K : ABN(In Months) is Less then Expected ABN,Tertiary Pepper_Tier_A : ABN(In Months) is Less then Expected ABN,Tertiary Pepper_Tier_B : ABN(In Months) is Less then Expected ABN,Tertiary Resimac- low doc : ABN(In Months) is Less then Expected ABN,Tertiary Resimac- light doc : ABN(In Months) is Less then Expected ABN,,,,,,,,,,,,,,,
QF12446,SETTLED,4/30/2024,143134.7,15782.8,47348.4,60,COMPANY,DEALER,CARS_AND_LIGHT_TRUCKS,PASSENGER_VEHICLES,2024,NEW,Resimac,7/3/2020,7/3/2020,OWNING,0,45,45,Primary Flexi_up_to_20K : Loan Amount Exceded Allowed Loan Limit,Primary Flexi_from_20_50K : Loan Amount Exceded Allowed Loan Limit,Primary Flexi_50_300K,Secondary Flexi_upto_20K : Loan Amount Exceded Allowed Loan Limit,Secondary Flexi_from_20_50K : Loan Amount Exceded Allowed Loan Limit,Secondary Flexi_50_300K,Tertiary Flexi_upto_20K : Loan Amount Exceded Allowed Loan Limit,Tertiary Flexi_from_20_50K : Loan Amount Exceded Allowed Loan Limit,Tertiary Flexi_50_300K,Primary Pepper_Tier_A : ABN(In Months) is Less then Expected ABN,Primary Pepper_Tier_B,Primary Pepper_Tier_C : Loan Amount Exceded Allowed Loan Limit,Secondary Pepper_Tier_A,Secondary Pepper_Tier_B,Tertiary Pepper_Tier_A : Loan Amount Exceded Allowed Loan Limit,Tertiary Pepper_Tier_B : Loan Amount Exceded Allowed Loan Limit,Primary Resimac- low doc,Primary Resimac- light doc : ABN(In Months) is Less then Expected ABN,Secondary Resimac- low doc,"Secondary Resimac- light doc : Loan Amount of greater than 175,000","Tertiary Resimac- low doc : Loan Amount of greater than 1,00,000","Tertiary Resimac- light doc : Loan Amount of greater than 150,000"
QF12478,SETTLED,5/3/2024,37400.0,0.0,0.0,36,COMPANY,DEALER,TERTIARY_ASSETS,BEAUTY_EQUIPMENT,2022,DEMO,Pepper,3/14/2019,3/14/2019,RENTING,2,61,61,Tertiary Flexi_upto_20K : Loan Amount Exceded Allowed Loan Limit,Tertiary Flexi_from_20_50K :  Repayment Term Condition is 60 Repayments and Asset is Old Also Asset age is less than Allowed Age,Tertiary Flexi_50_300K : Loan Amount Exceded Allowed Loan Limit,Tertiary Pepper_Tier_A :  Gurantor residence status is not Owned also the Asset is not motor Vehicle,Tertiary Pepper_Tier_B :  Gurantor residence status is not Owned also the Asset is not motor Vehicle,Tertiary Resimac- low doc :  Gurantor residence status is not Owned also the Asset is not motor Vehicle,"Tertiary Resimac- light doc : Loan Amount of greater than 150,000",,,,,,,,,,,,,,,
QF12484,SETTLED,5/14/2024,63904.5,15840.0,0.0,60,COMPANY,DEALER,TERTIARY_ASSETS,BEAUTY_EQUIPMENT,2024,NEW,Flexicommercial,3/31/2021,3/31/2021,RENTING,0,37,37,Tertiary Flexi_upto_20K : Loan Amount Exceded Allowed Loan Limit,Tertiary Flexi_from_20_50K : Loan Amount Exceded Allowed Loan Limit,Tertiary Flexi_50_300K,Tertiary Pepper_Tier_A :  Gurantor residence status is not Owned also the Asset is not motor Vehicle,Tertiary Pepper_Tier_B : Loan Amount Exceded Allowed Loan Limit,Tertiary Resimac- low doc :  Gurantor residence status is not Owned also the Asset is not motor Vehicle,"Tertiary Resimac- light doc : Loan Amount of greater than 150,000",,,,,,,,,,,,,,,
QF12520,DRAFTED_AMENDED,,25544.5,0.0,0.0,60,COMPANY,DEALER,PRIMARY_ASSETS,HEAVY_TRUCKS,2024,NEW,Flexicommercial,1/22/2020,1/22/2020,RENTING,0,55,55,Primary Flexi_up_to_20K : Loan Amount Exceded Allowed Loan Limit,Primary Flexi_from_20_50K,Primary Flexi_50_300K : Loan Amount Exceded Allowed Loan Limit,Primary Pepper_Tier_A : ABN(In Months) is Less then Expected ABN,Primary Pepper_Tier_B :  Gurantor residence status is not Owned also the Asset is not motor Vehicle,Primary Pepper_Tier_C :  Gurantor residence status is not Owned also the Asset is not motor Vehicle,Primary Resimac- low doc :  Gurantor residence status is not Owned also the Asset is not motor Vehicle,Primary Resimac- light doc : ABN(In Months) is Less then Expected ABN,,,,,,,,,,,,,,
QF12534,SETTLED,6/28/2024,219500.0,0.0,65850.0,60,COMPANY,DEALER,PRIMARY_ASSETS,HEAVY_TRUCKS,2024,NEW,Pepper,10/24/2017,10/24/2017,OWNING,0,80,80,Primary Flexi_up_to_20K : Loan Amount Exceded Allowed Loan Limit,Primary Flexi_from_20_50K : Loan Amount Exceded Allowed Loan Limit,Primary Flexi_50_300K,Primary Pepper_Tier_A,Primary Pepper_Tier_B : Loan Amount Exceded Allowed Loan Limit,Primary Pepper_Tier_C : Loan Amount Exceded Allowed Loan Limit,Primary Resimac- low doc,Primary Resimac- light doc,,,,,,,,,,,,,,
QF12535,DRAFTED_AMENDED,,72144.5,12000.0,0.0,60,SOLE TRADERS,PRIVATE,TERTIARY_ASSETS,BEAUTY_EQUIPMENT,2023,NEW,Pepper,7/1/2017,10/5/2016,OWNING,1,86,95,Tertiary Flexi_upto_20K : Loan Amount Exceded Allowed Loan Limit,Tertiary Flexi_from_20_50K : Loan Amount Exceded Allowed Loan Limit,Tertiary Flexi_50_300K,Tertiary Pepper_Tier_A,Tertiary Pepper_Tier_B : Loan Amount Exceded Allowed Loan Limit,Tertiary Resimac- low doc,"Tertiary Resimac- light doc : Loan Amount of greater than 150,000",,,,,,,,,,,,,,,
QF12557,SETTLED,6/18/2024,89444.5,22000.0,0.0,60,COMPANY,DEALER,TERTIARY_ASSETS,BEAUTY_EQUIPMENT,2024,NEW,Resimac,4/1/2023,9/9/2021,RENTING,0,14,33,Tertiary Flexi_upto_20K : Loan Amount Exceded Allowed Loan Limit,Tertiary Flexi_from_20_50K : GST Months is Less then Expected,Tertiary Flexi_50_300K : GST Months is Less then Expected,Tertiary Pepper_Tier_A : Loan Amount Exceded Allowed Loan Limit,Tertiary Pepper_Tier_B : Loan Amount Exceded Allowed Loan Limit,Tertiary Resimac- low doc : GST Months is Less then Expected,"Tertiary Resimac- light doc : Loan Amount of greater than 150,000",,,,,,,,,,,,,,,
QF12566,SETTLED,6/28/2024,131120.0,32780.0,0.0,60,COMPANY,DEALER,TERTIARY_ASSETS,BEAUTY_EQUIPMENT,2024,NEW,Flexicommercial,11/6/2020,11/6/2020,RENTING,0,43,43,Tertiary Flexi_upto_20K : Loan Amount Exceded Allowed Loan Limit,Tertiary Flexi_from_20_50K : Loan Amount Exceded Allowed Loan Limit,Tertiary Flexi_50_300K,Tertiary Pepper_Tier_A : Loan Amount Exceded Allowed Loan Limit,Tertiary Pepper_Tier_B : Loan Amount Exceded Allowed Loan Limit,"Tertiary Resimac- low doc : Loan Amount of greater than 1,00,000","Tertiary Resimac- light doc : Loan Amount of greater than 150,000",,,,,,,,,,,,,,,
QF12573,SETTLED,6/24/2024,137397.7,0.0,0.0,60,TRUST,DEALER,TERTIARY_ASSETS,BEAUTY_EQUIPMENT,2023,NEW,Flexicommercial,7/25/2013,7/25/2013,OWNING,1,130,130,Tertiary Flexi_upto_20K : Loan Amount Exceded Allowed Loan Limit,Tertiary Flexi_from_20_50K : Loan Amount Exceded Allowed Loan Limit,Tertiary Flexi_50_300K,Tertiary Pepper_Tier_A : Loan Amount Exceded Allowed Loan Limit,Tertiary Pepper_Tier_B : Loan Amount Exceded Allowed Loan Limit,"Tertiary Resimac- low doc : Loan Amount of greater than 1,00,000","Tertiary Resimac- light doc : Loan Amount of greater than 150,000",,,,,,,,,,,,,,,
QF12594,SETTLED,6/24/2024,142000.0,83500.0,0.0,60,COMPANY,DEALER,TERTIARY_ASSETS,BEAUTY_EQUIPMENT,2024,NEW,Pepper,3/31/2021,3/31/2021,RENTING,0,38,38,Tertiary Flexi_upto_20K : Loan Amount Exceded Allowed Loan Limit,Tertiary Flexi_from_20_50K : Loan Amount Exceded Allowed Loan Limit,Tertiary Flexi_50_300K,Tertiary Pepper_Tier_A : Loan Amount Exceded Allowed Loan Limit,Tertiary Pepper_Tier_B : Loan Amount Exceded Allowed Loan Limit,"Tertiary Resimac- low doc : Loan Amount of greater than 1,00,000","Tertiary Resimac- light doc : Loan Amount of greater than 150,000",,,,,,,,,,,,,,,
QF12600,SETTLED,6/13/2024,12100.0,0.0,0.0,36,SOLE TRADERS,DEALER,TERTIARY_ASSETS,BEAUTY_EQUIPMENT,2020,NEW,Pepper,10/28/2019,3/3/2009,OWNING,4,55,183,Tertiary Flexi_upto_20K,Tertiary Flexi_from_20_50K : Loan Amount Exceded Allowed Loan Limit,Tertiary Flexi_50_300K : Loan Amount Exceded Allowed Loan Limit,Tertiary Pepper_Tier_A,Tertiary Pepper_Tier_B,Tertiary Resimac- low doc,"Tertiary Resimac- light doc : Loan Amount of greater than 150,000",,,,,,,,,,,,,,,
QF12605,SETTLED,6/5/2024,23100.0,0.0,0.0,60,COMPANY,DEALER,TERTIARY_ASSETS,BEAUTY_EQUIPMENT,2023,NEW,Pepper,3/20/2017,3/20/2017,OWNING,1,86,86,Tertiary Flexi_upto_20K : Loan Amount Exceded Allowed Loan Limit,Tertiary Flexi_from_20_50K,Tertiary Flexi_50_300K : Loan Amount Exceded Allowed Loan Limit,Tertiary Pepper_Tier_A,Tertiary Pepper_Tier_B,Tertiary Resimac- low doc,"Tertiary Resimac- light doc : Loan Amount of greater than 150,000",,,,,,,,,,,,,,,
QF12611,SETTLED,6/24/2024,64344.5,0.0,0.0,60,COMPANY,DEALER,TERTIARY_ASSETS,BEAUTY_EQUIPMENT,2024,NEW,Flexicommercial,2/17/2022,2/17/2022,OWNING,0,28,28,Tertiary Flexi_upto_20K : Loan Amount Exceded Allowed Loan Limit,Tertiary Flexi_from_20_50K : Loan Amount Exceded Allowed Loan Limit,Tertiary Flexi_50_300K,Tertiary Pepper_Tier_A,Tertiary Pepper_Tier_B : Loan Amount Exceded Allowed Loan Limit,Tertiary Resimac- low doc,"Tertiary Resimac- light doc : Loan Amount of greater than 150,000",,,,,,,,,,,,,,,
QF12614,DRAFTED_AMENDED,,207990.0,0.0,72796.5,60,PARTNERSHIP,DEALER,CARS_AND_LIGHT_TRUCKS,PASSENGER_VEHICLES,2023,USED,Pepper,10/30/2018,10/30/2018,OWNING,1,70,70,Primary Flexi_up_to_20K : Loan Amount Exceded Allowed Loan Limit,Primary Flexi_from_20_50K : Loan Amount Exceded Allowed Loan Limit,Primary Flexi_50_300K :  Repayment Term Condition is 60 Repayments and Asset is Old Also Asset age is less than Allowed Age,Secondary Flexi_upto_20K : Loan Amount Exceded Allowed Loan Limit,Secondary Flexi_from_20_50K : Loan Amount Exceded Allowed Loan Limit,Secondary Flexi_50_300K :  Repayment Term Condition is 60 Repayments and Asset is Old Also Asset age is less than Allowed Age,Tertiary Flexi_upto_20K : Loan Amount Exceded Allowed Loan Limit,Tertiary Flexi_from_20_50K : Loan Amount Exceded Allowed Loan Limit,Tertiary Flexi_50_300K :  Repayment Term Condition is 60 Repayments and Asset is Old Also Asset age is less than Allowed Age,Primary Pepper_Tier_A,Primary Pepper_Tier_B : Loan Amount Exceded Allowed Loan Limit,Primary Pepper_Tier_C : Loan Amount Exceded Allowed Loan Limit,Secondary Pepper_Tier_A : Loan Amount Exceded Allowed Loan Limit,Secondary Pepper_Tier_B : Loan Amount Exceded Allowed Loan Limit,Tertiary Pepper_Tier_A : Loan Amount Exceded Allowed Loan Limit,Tertiary Pepper_Tier_B : Loan Amount Exceded Allowed Loan Limit,Primary Resimac- low doc,Primary Resimac- light doc,"Secondary Resimac- low doc : Loan Amount of greater than 150,000","Secondary Resimac- light doc : Loan Amount of greater than 175,000","Tertiary Resimac- low doc : Loan Amount of greater than 1,00,000","Tertiary Resimac- light doc : Loan Amount of greater than 150,000"
QF12620,SUBMITTED_NEW,,60654.5,0.0,0.0,60,SOLE TRADERS,PRIVATE,CARS_AND_LIGHT_TRUCKS,PASSENGER_VEHICLES,2004,USED,Resimac,4/1/2018,10/1/2015,OWNING,20,77,107,Primary Flexi_up_to_20K : Loan Amount Exceded Allowed Loan Limit,Primary Flexi_from_20_50K : Loan Amount Exceded Allowed Loan Limit,Primary Flexi_50_300K,Secondary Flexi_upto_20K : Loan Amount Exceded Allowed Loan Limit,Secondary Flexi_from_20_50K : Loan Amount Exceded Allowed Loan Limit,Secondary Flexi_50_300K,Tertiary Flexi_upto_20K : Loan Amount Exceded Allowed Loan Limit,Tertiary Flexi_from_20_50K : Loan Amount Exceded Allowed Loan Limit,Tertiary Flexi_50_300K : usage_type of used is not allowed,Primary Pepper_Tier_A : Max Age of Asset Limit exceeded,Primary Pepper_Tier_B : Max Age of Asset Limit exceeded,Primary Pepper_Tier_C : Loan Amount Exceded Allowed Loan Limit,Secondary Pepper_Tier_A : Repayment Term Condition is not satisfied with 60 Repayments,Secondary Pepper_Tier_B : Repayment Term Condition is not satisfied with 60 Repayments,Tertiary Pepper_Tier_A : Max Age of Asset Limit exceeded,Tertiary Pepper_Tier_B : Loan Amount Exceded Allowed Loan Limit,Primary Resimac- low doc,Primary Resimac- light doc,Secondary Resimac- low doc,"Secondary Resimac- light doc : Loan Amount of greater than 175,000",Tertiary Resimac- low doc : usage_type of used is not allowed,"Tertiary Resimac- light doc : Loan Amount of greater than 150,000"
QF12626,SUBMITTED_NEW,,107500.0,10000.0,0.0,60,TRUST,DEALER,TERTIARY_ASSETS,BEAUTY_EQUIPMENT,2024,NEW,Flexicommercial,7/1/2022,5/17/2022,OWNING,0,26,27,Tertiary Flexi_upto_20K : Loan Amount Exceded Allowed Loan Limit,Tertiary Flexi_from_20_50K : Loan Amount Exceded Allowed Loan Limit,Tertiary Flexi_50_300K,Tertiary Pepper_Tier_A : Loan Amount Exceded Allowed Loan Limit,Tertiary Pepper_Tier_B : Loan Amount Exceded Allowed Loan Limit,"Tertiary Resimac- low doc : Loan Amount of greater than 1,00,000",Tertiary Resimac- light doc,,,,,,,,,,,,,,,
QF12630,SUBMITTED_NEW,,143430.32,35857.58,0.0,24,COMPANY,DEALER,SOLE TRADER,MEDICAL_DENTAL_LABORATORY_EQUIPMENT,2024,NEW,Flexicommercial,7/18/2017,7/18/2017,RENTING,0,85,85,Primary Flexi_up_to_20K : Loan Amount Exceded Allowed Loan Limit,Primary Flexi_from_20_50K : Loan Amount Exceded Allowed Loan Limit,Primary Flexi_50_300K,Secondary Flexi_upto_20K : Loan Amount Exceded Allowed Loan Limit,Secondary Flexi_from_20_50K : Loan Amount Exceded Allowed Loan Limit,Secondary Flexi_50_300K,Tertiary Flexi_upto_20K : Loan Amount Exceded Allowed Loan Limit,Tertiary Flexi_from_20_50K : Loan Amount Exceded Allowed Loan Limit,Tertiary Flexi_50_300K,Primary Pepper_Tier_A :  Gurantor residence status is not Owned also the Asset is not motor Vehicle,Primary Pepper_Tier_B :  Gurantor residence status is not Owned also the Asset is not motor Vehicle,Primary Pepper_Tier_C : Loan Amount Exceded Allowed Loan Limit,Secondary Pepper_Tier_A : Repayment Term Condition is not satisfied with 60 Repayments,Secondary Pepper_Tier_B : Repayment Term Condition is not satisfied with 60 Repayments,Tertiary Pepper_Tier_A : Loan Amount Exceded Allowed Loan Limit,Tertiary Pepper_Tier_B : Loan Amount Exceded Allowed Loan Limit,Primary Resimac- low doc :  Gurantor residence status is not Owned also the Asset is not motor Vehicle,Primary Resimac- light doc :  Gurantor residence status is not Owned also the Asset is not motor Vehicle,Secondary Resimac- low doc :  Gurantor residence status is not Owned also the Asset is not motor Vehicle,"Secondary Resimac- light doc : Loan Amount of greater than 175,000","Tertiary Resimac- low doc : Loan Amount of greater than 1,00,000","Tertiary Resimac- light doc : Loan Amount of greater than 150,000"
QF12642,SETTLED,6/21/2024,44000.0,11000.0,0.0,60,COMPANY,DEALER,TERTIARY_ASSETS,BEAUTY_EQUIPMENT,2024,NEW,Pepper,4/1/2023,9/9/2021,RENTING,0,14,33,Tertiary Flexi_upto_20K : Loan Amount Exceded Allowed Loan Limit,Tertiary Flexi_from_20_50K : GST Months is Less then Expected,Tertiary Flexi_50_300K : GST Months is Less then Expected,Tertiary Pepper_Tier_A :  Gurantor residence status is not Owned also the Asset is not motor Vehicle,Tertiary Pepper_Tier_B :  Gurantor residence status is not Owned also the Asset is not motor Vehicle,Tertiary Resimac- low doc : GST Months is Less then Expected,"Tertiary Resimac- light doc : Loan Amount of greater than 150,000",,,,,,,,,,,,,,,
QF12663,DRAFTED_AMENDED,,148534.5,0.0,0.0,60,COMPANY,DEALER,TERTIARY_ASSETS,BEAUTY_EQUIPMENT,2024,NEW,Flexicommercial,3/24/2022,3/24/2022,RENTING,0,29,29,Tertiary Flexi_upto_20K : Loan Amount Exceded Allowed Loan Limit,Tertiary Flexi_from_20_50K : Loan Amount Exceded Allowed Loan Limit,Tertiary Flexi_50_300K,Tertiary Pepper_Tier_A : Loan Amount Exceded Allowed Loan Limit,Tertiary Pepper_Tier_B : Loan Amount Exceded Allowed Loan Limit,"Tertiary Resimac- low doc : Loan Amount of greater than 1,00,000","Tertiary Resimac- light doc : Loan Amount of greater than 150,000",,,,,,,,,,,,,,,
QF12665,SETTLED,6/17/2024,30800.0,0.0,0.0,60,SOLE TRADERS,DEALER,TERTIARY_ASSETS,BEAUTY_EQUIPMENT,2024,NEW,Pepper,7/1/2015,7/1/2014,OWNING,0,107,119,Tertiary Flexi_upto_20K : Loan Amount Exceded Allowed Loan Limit,Tertiary Flexi_from_20_50K,Tertiary Flexi_50_300K : Loan Amount Exceded Allowed Loan Limit,Tertiary Pepper_Tier_A,Tertiary Pepper_Tier_B,Tertiary Resimac- low doc,"Tertiary Resimac- light doc : Loan Amount of greater than 150,000",,,,,,,,,,,,,,,
QF12677,SETTLED,6/28/2024,50000.0,15000.0,0.0,60,COMPANY,DEALER,TERTIARY_ASSETS,BEAUTY_EQUIPMENT,2024,NEW,Pepper,3/24/2022,3/24/2022,RENTING,0,27,27,Tertiary Flexi_upto_20K : Loan Amount Exceded Allowed Loan Limit,Tertiary Flexi_from_20_50K,Tertiary Flexi_50_300K : Loan Amount Exceded Allowed Loan Limit,Tertiary Pepper_Tier_A :  Gurantor residence status is not Owned also the Asset is not motor Vehicle,Tertiary Pepper_Tier_B :  Gurantor residence status is not Owned also the Asset is not motor Vehicle,Tertiary Resimac- low doc :  Gurantor residence status is not Owned also the Asset is not motor Vehicle,"Tertiary Resimac- light doc : Loan Amount of greater than 150,000",,,,,,,,,,,,,,,
QF12711,SETTLED,6/25/2024,9350.0,0.0,0.0,36,SOLE TRADERS,DEALER,TERTIARY_ASSETS,BEAUTY_EQUIPMENT,2024,NEW,Pepper,10/28/2019,3/3/2009,OWNING,0,55,183,Tertiary Flexi_upto_20K,Tertiary Flexi_from_20_50K : Loan Amount Exceded Allowed Loan Limit,Tertiary Flexi_50_300K : Loan Amount Exceded Allowed Loan Limit,Tertiary Pepper_Tier_A,Tertiary Pepper_Tier_B,Tertiary Resimac- low doc,"Tertiary Resimac- light doc : Loan Amount of greater than 150,000",,,,,,,,,,,,,,,
QF12720,SETTLED,8/7/2024,55440.0,13860.0,0.0,60,COMPANY,DEALER,TERTIARY_ASSETS,BEAUTY_EQUIPMENT,2024,NEW,Pepper,10/16/2012,10/16/2012,OWNING,0,141,141,Tertiary Flexi_upto_20K : Loan Amount Exceded Allowed Loan Limit,Tertiary Flexi_from_20_50K : Loan Amount Exceded Allowed Loan Limit,Tertiary Flexi_50_300K,Tertiary Pepper_Tier_A,Tertiary Pepper_Tier_B : Loan Amount Exceded Allowed Loan Limit,Tertiary Resimac- low doc,"Tertiary Resimac- light doc : Loan Amount of greater than 150,000",,,,,,,,,,,,,,,
QF12727,SETTLED,6/28/2024,19464.5,1980.0,0.0,48,SOLE TRADERS,PRIVATE,CARS_AND_LIGHT_TRUCKS,VANS_AND_UTES,2015,USED,Pepper,7/1/2023,4/21/2021,RENTING,9,11,38,Primary Flexi_up_to_20K,Primary Flexi_from_20_50K : GST Months is Less then Expected,Primary Flexi_50_300K : GST Months is Less then Expected,Secondary Flexi_upto_20K,Secondary Flexi_from_20_50K : GST Months is Less then Expected,Secondary Flexi_50_300K : GST Months is Less then Expected,Tertiary Flexi_upto_20K : usage_type of used is not allowed,Tertiary Flexi_from_20_50K : GST Months is Less then Expected,Tertiary Flexi_50_300K : GST Months is Less then Expected,Primary Pepper_Tier_A : ABN(In Months) is Less then Expected ABN,Primary Pepper_Tier_B : GST Months is Less then Expected,Primary Pepper_Tier_C :  Gurantor residence status is not Owned also the Asset is not motor Vehicle,Secondary Pepper_Tier_A : GST Months is Less then Expected,Secondary Pepper_Tier_B : GST Months is Less then Expected,Tertiary Pepper_Tier_A : GST Months is Less then Expected,Tertiary Pepper_Tier_B : GST Months is Less then Expected,Primary Resimac- low doc : GST Months is Less then Expected,Primary Resimac- light doc : ABN(In Months) is Less then Expected ABN,Secondary Resimac- low doc : GST Months is Less then Expected,Secondary Resimac- light doc : GST Months is Less then Expected,Tertiary Resimac- low doc : GST Months is Less then Expected,Tertiary Resimac- light doc : GST Months is Less then Expected
QF12734,SETTLED,7/12/2024,173044.5,20000.0,0.0,60,COMPANY,DEALER,SOLE TRADER,MEDICAL_DENTAL_LABORATORY_EQUIPMENT,2024,NEW,Flexicommercial,7/25/2014,7/25/2014,OWNING,0,119,119,Primary Flexi_up_to_20K : Loan Amount Exceded Allowed Loan Limit,Primary Flexi_from_20_50K : Loan Amount Exceded Allowed Loan Limit,Primary Flexi_50_300K,Secondary Flexi_upto_20K : Loan Amount Exceded Allowed Loan Limit,Secondary Flexi_from_20_50K : Loan Amount Exceded Allowed Loan Limit,Secondary Flexi_50_300K,Tertiary Flexi_upto_20K : Loan Amount Exceded Allowed Loan Limit,Tertiary Flexi_from_20_50K : Loan Amount Exceded Allowed Loan Limit,Tertiary Flexi_50_300K,Primary Pepper_Tier_A,Primary Pepper_Tier_B : Loan Amount Exceded Allowed Loan Limit,Primary Pepper_Tier_C : Loan Amount Exceded Allowed Loan Limit,Secondary Pepper_Tier_A : Loan Amount Exceded Allowed Loan Limit,Secondary Pepper_Tier_B : Loan Amount Exceded Allowed Loan Limit,Tertiary Pepper_Tier_A : Loan Amount Exceded Allowed Loan Limit,Tertiary Pepper_Tier_B : Loan Amount Exceded Allowed Loan Limit,Primary Resimac- low doc,Primary Resimac- light doc,"Secondary Resimac- low doc : Loan Amount of greater than 150,000",Secondary Resimac- light doc,"Tertiary Resimac- low doc : Loan Amount of greater than 1,00,000","Tertiary Resimac- light doc : Loan Amount of greater than 150,000"
QF12741,SETTLED,8/13/2024,56424.5,0.0,0.0,60,COMPANY,DEALER,CARS_AND_LIGHT_TRUCKS,PASSENGER_VEHICLES,2024,NEW,Resimac,7/1/2023,7/1/2023,BOARDING,0,13,13,Primary Flexi_up_to_20K : ABN(In Months) is Less then Expected ABN,Primary Flexi_from_20_50K : ABN(In Months) is Less then Expected ABN,Primary Flexi_50_300K : ABN(In Months) is Less then Expected ABN,Secondary Flexi_upto_20K : ABN(In Months) is Less then Expected ABN,Secondary Flexi_from_20_50K : ABN(In Months) is Less then Expected ABN,Secondary Flexi_50_300K : ABN(In Months) is Less then Expected ABN,Tertiary Flexi_upto_20K : ABN(In Months) is Less then Expected ABN,Tertiary Flexi_from_20_50K : ABN(In Months) is Less then Expected ABN,Tertiary Flexi_50_300K : ABN(In Months) is Less then Expected ABN,Primary Pepper_Tier_A : ABN(In Months) is Less then Expected ABN,Primary Pepper_Tier_B : ABN(In Months) is Less then Expected ABN,Primary Pepper_Tier_C : ABN(In Months) is Less then Expected ABN,Secondary Pepper_Tier_A : ABN(In Months) is Less then Expected ABN,Secondary Pepper_Tier_B : Repayment Term Condition is not satisfied with 60 Repayments,Tertiary Pepper_Tier_A : ABN(In Months) is Less then Expected ABN,Tertiary Pepper_Tier_B : ABN(In Months) is Less then Expected ABN,Primary Resimac- low doc : ABN(In Months) is Less then Expected ABN,Primary Resimac- light doc : ABN(In Months) is Less then Expected ABN,Secondary Resimac- low doc : ABN(In Months) is Less then Expected ABN,"Secondary Resimac- light doc : Loan Amount of greater than 175,000",Tertiary Resimac- low doc : ABN(In Months) is Less then Expected ABN,"Tertiary Resimac- light doc : Loan Amount of greater than 150,000"
QF12751,SETTLED,6/29/2024,145200.0,0.0,0.0,60,COMPANY,DEALER,SOLE TRADER,MEDICAL_DENTAL_LABORATORY_EQUIPMENT,2024,NEW,Flexicommercial,7/17/2023,7/17/2023,OWNING,0,11,11,Primary Flexi_up_to_20K : ABN(In Months) is Less then Expected ABN,Primary Flexi_from_20_50K : ABN(In Months) is Less then Expected ABN,Primary Flexi_50_300K : ABN(In Months) is Less then Expected ABN,Secondary Flexi_upto_20K : ABN(In Months) is Less then Expected ABN,Secondary Flexi_from_20_50K : ABN(In Months) is Less then Expected ABN,Secondary Flexi_50_300K : ABN(In Months) is Less then Expected ABN,Tertiary Flexi_upto_20K : ABN(In Months) is Less then Expected ABN,Tertiary Flexi_from_20_50K : ABN(In Months) is Less then Expected ABN,Tertiary Flexi_50_300K : ABN(In Months) is Less then Expected ABN,Primary Pepper_Tier_A : ABN(In Months) is Less then Expected ABN,Primary Pepper_Tier_B : ABN(In Months) is Less then Expected ABN,Primary Pepper_Tier_C : ABN(In Months) is Less then Expected ABN,Secondary Pepper_Tier_A : ABN(In Months) is Less then Expected ABN,Secondary Pepper_Tier_B : ABN(In Months) is Less then Expected ABN,Tertiary Pepper_Tier_A : ABN(In Months) is Less then Expected ABN,Tertiary Pepper_Tier_B : ABN(In Months) is Less then Expected ABN,Primary Resimac- low doc : ABN(In Months) is Less then Expected ABN,Primary Resimac- light doc : ABN(In Months) is Less then Expected ABN,Secondary Resimac- low doc : ABN(In Months) is Less then Expected ABN,Secondary Resimac- light doc : ABN(In Months) is Less then Expected ABN,Tertiary Resimac- low doc : ABN(In Months) is Less then Expected ABN,Tertiary Resimac- light doc : ABN(In Months) is Less then Expected ABN
QF12758,SETTLED,7/29/2024,68439.08,400.0,18762.22,60,TRUST,DEALER,CARS_AND_LIGHT_TRUCKS,PASSENGER_VEHICLES,2024,NEW,Resimac,2/5/2020,2/5/2020,RENTING,0,53,53,Primary Flexi_up_to_20K : Loan Amount Exceded Allowed Loan Limit,Primary Flexi_from_20_50K : Loan Amount Exceded Allowed Loan Limit,Primary Flexi_50_300K,Secondary Flexi_upto_20K : Loan Amount Exceded Allowed Loan Limit,Secondary Flexi_from_20_50K : Loan Amount Exceded Allowed Loan Limit,Secondary Flexi_50_300K,Tertiary Flexi_upto_20K : Loan Amount Exceded Allowed Loan Limit,Tertiary Flexi_from_20_50K : Loan Amount Exceded Allowed Loan Limit,Tertiary Flexi_50_300K,Primary Pepper_Tier_A : ABN(In Months) is Less then Expected ABN,Primary Pepper_Tier_B :  Gurantor residence status is not Owned also the Asset is not motor Vehicle,Primary Pepper_Tier_C : Loan Amount Exceded Allowed Loan Limit,Secondary Pepper_Tier_A :  Gurantor residence status is not Owned also the Asset is not motor Vehicle,Secondary Pepper_Tier_B :  Gurantor residence status is not Owned also the Asset is not motor Vehicle,Tertiary Pepper_Tier_A : Repayment Term Condition is not satisfied with 60 Repayments,Tertiary Pepper_Tier_B : Loan Amount Exceded Allowed Loan Limit,Primary Resimac- low doc :  Gurantor residence status is not Owned also the Asset is not motor Vehicle,Primary Resimac- light doc : ABN(In Months) is Less then Expected ABN,Secondary Resimac- low doc :  Gurantor residence status is not Owned also the Asset is not motor Vehicle,"Secondary Resimac- light doc : Loan Amount of greater than 175,000",Tertiary Resimac- low doc :  Gurantor residence status is not Owned also the Asset is not motor Vehicle,"Tertiary Resimac- light doc : Loan Amount of greater than 150,000"
QF12768,SETTLED,7/29/2024,65334.5,0.0,0.0,60,COMPANY,DEALER,TERTIARY_ASSETS,BEAUTY_EQUIPMENT,2024,NEW,Pepper,10/21/2014,10/20/2014,OWNING,0,117,117,Tertiary Flexi_upto_20K : Loan Amount Exceded Allowed Loan Limit,Tertiary Flexi_from_20_50K : Loan Amount Exceded Allowed Loan Limit,Tertiary Flexi_50_300K,Tertiary Pepper_Tier_A,Tertiary Pepper_Tier_B : Loan Amount Exceded Allowed Loan Limit,Tertiary Resimac- low doc,"Tertiary Resimac- light doc : Loan Amount of greater than 150,000",,,,,,,,,,,,,,,
QF12769,DRAFTED_AMENDED,,150694.5,0.0,0.0,60,COMPANY,DEALER,TERTIARY_ASSETS,BEAUTY_EQUIPMENT,2024,NEW,Flexicommercial,1/3/2018,10/11/2017,RENTING,0,80,83,Tertiary Flexi_upto_20K : Loan Amount Exceded Allowed Loan Limit,Tertiary Flexi_from_20_50K : Loan Amount Exceded Allowed Loan Limit,Tertiary Flexi_50_300K :  Gurantor residence status is not Owned and Loan amount for financing is greater than allowed limit of Lender,Tertiary Pepper_Tier_A : Loan Amount Exceded Allowed Loan Limit,Tertiary Pepper_Tier_B : Loan Amount Exceded Allowed Loan Limit,"Tertiary Resimac- low doc : Loan Amount of greater than 1,00,000","Tertiary Resimac- light doc : Loan Amount of greater than 150,000",,,,,,,,,,,,,,,
QF12770,DRAFTED_AMENDED,,80534.5,0.0,35550.0,48,SOLE TRADERS,DEALER,CARS_AND_LIGHT_TRUCKS,PASSENGER_VEHICLES,2024,NEW,Resimac,11/11/2021,7/13/2021,OWNING,0,34,38,Primary Flexi_up_to_20K : Loan Amount Exceded Allowed Loan Limit,Primary Flexi_from_20_50K : Loan Amount Exceded Allowed Loan Limit,Primary Flexi_50_300K,Secondary Flexi_upto_20K : Loan Amount Exceded Allowed Loan Limit,Secondary Flexi_from_20_50K : Loan Amount Exceded Allowed Loan Limit,Secondary Flexi_50_300K,Tertiary Flexi_upto_20K : Loan Amount Exceded Allowed Loan Limit,Tertiary Flexi_from_20_50K : Loan Amount Exceded Allowed Loan Limit,Tertiary Flexi_50_300K,Primary Pepper_Tier_A : ABN(In Months) is Less then Expected ABN,Primary Pepper_Tier_B,Primary Pepper_Tier_C : Loan Amount Exceded Allowed Loan Limit,Secondary Pepper_Tier_A,Secondary Pepper_Tier_B,Tertiary Pepper_Tier_A : Loan Amount Exceded Allowed Loan Limit,Tertiary Pepper_Tier_B : Loan Amount Exceded Allowed Loan Limit,Primary Resimac- low doc,Primary Resimac- light doc : ABN(In Months) is Less then Expected ABN,Secondary Resimac- low doc,"Secondary Resimac- light doc : Loan Amount of greater than 175,000",Tertiary Resimac- low doc,"Tertiary Resimac- light doc : Loan Amount of greater than 150,000"
QF12779,SETTLED,8/8/2024,21994.5,0.0,0.0,60,PARTNERSHIP,DEALER,TERTIARY_ASSETS,BEAUTY_EQUIPMENT,2024,NEW,Pepper,7/2/2013,7/2/2013,OWNING,0,133,133,Tertiary Flexi_upto_20K : Loan Amount Exceded Allowed Loan Limit,Tertiary Flexi_from_20_50K,Tertiary Flexi_50_300K : Loan Amount Exceded Allowed Loan Limit,Tertiary Pepper_Tier_A,Tertiary Pepper_Tier_B,Tertiary Resimac- low doc,"Tertiary Resimac- light doc : Loan Amount of greater than 150,000",,,,,,,,,,,,,,,
QF12790,SETTLED,8/28/2024,222633.19,19391.81,0.0,60,COMPANY,DEALER,PRIMARY_ASSETS,TRAILERS,2024,NEW,Flexicommercial,7/17/2023,7/17/2023,OWNING,0,13,13,Primary Flexi_up_to_20K : ABN(In Months) is Less then Expected ABN,Primary Flexi_from_20_50K : ABN(In Months) is Less then Expected ABN,Primary Flexi_50_300K : ABN(In Months) is Less then Expected ABN,Primary Pepper_Tier_A : ABN(In Months) is Less then Expected ABN,Primary Pepper_Tier_B : ABN(In Months) is Less then Expected ABN,Primary Pepper_Tier_C : ABN(In Months) is Less then Expected ABN,Primary Resimac- low doc : ABN(In Months) is Less then Expected ABN,Primary Resimac- light doc : ABN(In Months) is Less then Expected ABN,,,,,,,,,,,,,,
QF12795,SETTLED,8/5/2024,96800.0,0.0,0.0,60,SOLE TRADERS,DEALER,TERTIARY_ASSETS,BEAUTY_EQUIPMENT,2024,NEW,Resimac,10/28/2019,3/3/2009,OWNING,0,57,185,Tertiary Flexi_upto_20K : Loan Amount Exceded Allowed Loan Limit,Tertiary Flexi_from_20_50K : Loan Amount Exceded Allowed Loan Limit,Tertiary Flexi_50_300K,Tertiary Pepper_Tier_A : Loan Amount Exceded Allowed Loan Limit,Tertiary Pepper_Tier_B : Loan Amount Exceded Allowed Loan Limit,Tertiary Resimac- low doc,"Tertiary Resimac- light doc : Loan Amount of greater than 150,000",,,,,,,,,,,,,,,
QF12796,SETTLED,7/25/2024,71412.5,12847.5,0.0,48,COMPANY,DEALER,TERTIARY_ASSETS,BEAUTY_EQUIPMENT,2024,NEW,Pepper,7/1/2015,6/15/2015,OWNING,0,108,109,Tertiary Flexi_upto_20K : Loan Amount Exceded Allowed Loan Limit,Tertiary Flexi_from_20_50K : Loan Amount Exceded Allowed Loan Limit,Tertiary Flexi_50_300K,Tertiary Pepper_Tier_A,Tertiary Pepper_Tier_B : Loan Amount Exceded Allowed Loan Limit,Tertiary Resimac- low doc,"Tertiary Resimac- light doc : Loan Amount of greater than 150,000",,,,,,,,,,,,,,,
QF12802,SETTLED,7/22/2024,143842.0,5830.0,50997.0,36,SOLE TRADERS,DEALER,CARS_AND_LIGHT_TRUCKS,PASSENGER_VEHICLES,2021,NEW,Pepper,7/1/2023,4/24/2018,OWNING,3,12,74,Primary Flexi_up_to_20K : Loan Amount Exceded Allowed Loan Limit,Primary Flexi_from_20_50K : GST Months is Less then Expected,Primary Flexi_50_300K : GST Months is Less then Expected,Secondary Flexi_upto_20K : Loan Amount Exceded Allowed Loan Limit,Secondary Flexi_from_20_50K : GST Months is Less then Expected,Secondary Flexi_50_300K : GST Months is Less then Expected,Tertiary Flexi_upto_20K : Loan Amount Exceded Allowed Loan Limit,Tertiary Flexi_from_20_50K : GST Months is Less then Expected,Tertiary Flexi_50_300K : GST Months is Less then Expected,Primary Pepper_Tier_A : GST Months is Less then Expected,Primary Pepper_Tier_B,Primary Pepper_Tier_C : Loan Amount Exceded Allowed Loan Limit,Secondary Pepper_Tier_A : GST Months is Less then Expected,Secondary Pepper_Tier_B,Tertiary Pepper_Tier_A : Loan Amount Exceded Allowed Loan Limit,Tertiary Pepper_Tier_B : Loan Amount Exceded Allowed Loan Limit,Primary Resimac- low doc : GST Months is Less then Expected,Primary Resimac- light doc : GST Months is Less then Expected,Secondary Resimac- low doc : GST Months is Less then Expected,"Secondary Resimac- light doc : Loan Amount of greater than 175,000",Tertiary Resimac- low doc : GST Months is Less then Expected,"Tertiary Resimac- light doc : Loan Amount of greater than 150,000"
QF12804,SETTLED,7/31/2024,35939.5,273.0,10408.8,60,SOLE TRADERS,DEALER,PRIMARY_ASSETS,FARMING_AND_AGRICULTURE,2024,NEW,Pepper,7/1/2022,8/28/2021,OWNING,0,24,35,Primary Flexi_up_to_20K : Loan Amount Exceded Allowed Loan Limit,Primary Flexi_from_20_50K,Primary Flexi_50_300K : Loan Amount Exceded Allowed Loan Limit,Primary Pepper_Tier_A : ABN(In Months) is Less then Expected ABN,Primary Pepper_Tier_B,Primary Pepper_Tier_C,Primary Resimac- low doc : GST Months is Less then Expected,Primary Resimac- light doc : ABN(In Months) is Less then Expected ABN,,,,,,,,,,,,,,
QF12809,SETTLED,7/18/2024,39794.5,0.0,0.0,60,COMPANY,DEALER,TERTIARY_ASSETS,BEAUTY_EQUIPMENT,2024,NEW,Pepper,1/28/2020,1/28/2020,OWNING,0,53,53,Tertiary Flexi_upto_20K : Loan Amount Exceded Allowed Loan Limit,Tertiary Flexi_from_20_50K,Tertiary Flexi_50_300K : Loan Amount Exceded Allowed Loan Limit,Tertiary Pepper_Tier_A,Tertiary Pepper_Tier_B,Tertiary Resimac- low doc,"Tertiary Resimac- light doc : Loan Amount of greater than 150,000",,,,,,,,,,,,,,,
QF12817,SETTLED,7/22/2024,18150.0,0.0,0.0,24,SOLE TRADERS,DEALER,TERTIARY_ASSETS,BEAUTY_EQUIPMENT,2024,NEW,Pepper,10/28/2019,3/3/2009,OWNING,0,56,184,Tertiary Flexi_upto_20K,Tertiary Flexi_from_20_50K : Loan Amount Exceded Allowed Loan Limit,Tertiary Flexi_50_300K : Loan Amount Exceded Allowed Loan Limit,Tertiary Pepper_Tier_A,Tertiary Pepper_Tier_B,Tertiary Resimac- low doc,"Tertiary Resimac- light doc : Loan Amount of greater than 150,000",,,,,,,,,,,,,,,
QF12826,SETTLED,8/5/2024,128544.5,0.0,0.0,60,COMPANY,DEALER,TERTIARY_ASSETS,BEAUTY_EQUIPMENT,2024,NEW,Flexicommercial,10/1/2017,10/1/2017,OWNING,0,82,82,Tertiary Flexi_upto_20K : Loan Amount Exceded Allowed Loan Limit,Tertiary Flexi_from_20_50K : Loan Amount Exceded Allowed Loan Limit,Tertiary Flexi_50_300K,Tertiary Pepper_Tier_A : Loan Amount Exceded Allowed Loan Limit,Tertiary Pepper_Tier_B : Loan Amount Exceded Allowed Loan Limit,"Tertiary Resimac- low doc : Loan Amount of greater than 1,00,000","Tertiary Resimac- light doc : Loan Amount of greater than 150,000",,,,,,,,,,,,,,,
QF12830,SUBMITTED_AMENDED,,41534.5,10000.0,15000.0,60,SOLE TRADERS,DEALER,CARS_AND_LIGHT_TRUCKS,PASSENGER_VEHICLES,2023,USED,Pepper,7/1/2015,7/1/2015,OWNING,1,1496,110,Primary Flexi_up_to_20K : Loan Amount Exceded Allowed Loan Limit,Primary Flexi_from_20_50K :  Repayment Term Condition is 60 Repayments and Asset is Old Also Asset age is less than Allowed Age,Primary Flexi_50_300K : Loan Amount Exceded Allowed Loan Limit,Secondary Flexi_upto_20K : Loan Amount Exceded Allowed Loan Limit,Secondary Flexi_from_20_50K :  Repayment Term Condition is 60 Repayments and Asset is Old Also Asset age is less than Allowed Age,Secondary Flexi_50_300K : Loan Amount Exceded Allowed Loan Limit,Tertiary Flexi_upto_20K : Loan Amount Exceded Allowed Loan Limit,Tertiary Flexi_from_20_50K :  Repayment Term Condition is 60 Repayments and Asset is Old Also Asset age is less than Allowed Age,Tertiary Flexi_50_300K : Loan Amount Exceded Allowed Loan Limit,Primary Pepper_Tier_A,Primary Pepper_Tier_B,Primary Pepper_Tier_C : Loan Amount Exceded Allowed Loan Limit,Secondary Pepper_Tier_A,Secondary Pepper_Tier_B,Tertiary Pepper_Tier_A : Repayment Term Condition is not satisfied with 60 Repayments,Tertiary Pepper_Tier_B : Repayment Term Condition is not satisfied with 60 Repayments,Primary Resimac- low doc,Primary Resimac- light doc,Secondary Resimac- low doc,"Secondary Resimac- light doc : Loan Amount of greater than 175,000",Tertiary Resimac- low doc : usage_type of used is not allowed,"Tertiary Resimac- light doc : Loan Amount of greater than 150,000"
QF12832,SETTLED,8/6/2024,70000.0,0.0,0.0,60,COMPANY,DEALER,TERTIARY_ASSETS,BEAUTY_EQUIPMENT,2024,NEW,Pepper,10/1/2017,10/1/2017,OWNING,0,82,82,Tertiary Flexi_upto_20K : Loan Amount Exceded Allowed Loan Limit,Tertiary Flexi_from_20_50K : Loan Amount Exceded Allowed Loan Limit,Tertiary Flexi_50_300K,Tertiary Pepper_Tier_A,Tertiary Pepper_Tier_B : Loan Amount Exceded Allowed Loan Limit,Tertiary Resimac- low doc,"Tertiary Resimac- light doc : Loan Amount of greater than 150,000",,,,,,,,,,,,,,,
QF12847,SETTLED,8/14/2024,33653.0,0.0,0.0,36,COMPANY,DEALER,TERTIARY_ASSETS,OTHER_TERTIARY,2024,NEW,Pepper,7/1/2023,6/28/2023,OWNING,0,13,13,Tertiary Flexi_upto_20K : ABN(In Months) is Less then Expected ABN,Tertiary Flexi_from_20_50K : ABN(In Months) is Less then Expected ABN,Tertiary Flexi_50_300K : ABN(In Months) is Less then Expected ABN,Tertiary Pepper_Tier_A : ABN(In Months) is Less then Expected ABN,Tertiary Pepper_Tier_B : ABN(In Months) is Less then Expected ABN,Tertiary Resimac- low doc : ABN(In Months) is Less then Expected ABN,"Tertiary Resimac- light doc : Loan Amount of greater than 150,000",,,,,,,,,,,,,,,
QF12858,DRAFTED_AMENDED,,133534.5,0.0,0.0,60,TRUST,DEALER,TERTIARY_ASSETS,BEAUTY_EQUIPMENT,2024,NEW,Flexicommercial,8/13/2020,8/13/2020,OWNING,0,49,49,Tertiary Flexi_upto_20K : Loan Amount Exceded Allowed Loan Limit,Tertiary Flexi_from_20_50K : Loan Amount Exceded Allowed Loan Limit,Tertiary Flexi_50_300K,Tertiary Pepper_Tier_A : Loan Amount Exceded Allowed Loan Limit,Tertiary Pepper_Tier_B : Loan Amount Exceded Allowed Loan Limit,"Tertiary Resimac- low doc : Loan Amount of greater than 1,00,000","Tertiary Resimac- light doc : Loan Amount of greater than 150,000",,,,,,,,,,,,,,,
QF12871,SETTLED,8/12/2024,49990.0,2000.0,0.0,60,COMPANY,DEALER,CARS_AND_LIGHT_TRUCKS,PASSENGER_VEHICLES,2018,USED,Pepper,2/16/2022,2/16/2022,OWNING,6,29,29,Primary Flexi_up_to_20K : Loan Amount Exceded Allowed Loan Limit,Primary Flexi_from_20_50K,Primary Flexi_50_300K : Loan Amount Exceded Allowed Loan Limit,Secondary Flexi_upto_20K : Loan Amount Exceded Allowed Loan Limit,Secondary Flexi_from_20_50K,Secondary Flexi_50_300K : Loan Amount Exceded Allowed Loan Limit,Tertiary Flexi_upto_20K : Loan Amount Exceded Allowed Loan Limit,Tertiary Flexi_from_20_50K : usage_type of used is allowed,Tertiary Flexi_50_300K : Loan Amount Exceded Allowed Loan Limit,Primary Pepper_Tier_A : ABN(In Months) is Less then Expected ABN,Primary Pepper_Tier_B,Primary Pepper_Tier_C : Loan Amount Exceded Allowed Loan Limit,Secondary Pepper_Tier_A : Repayment Term Condition is not satisfied with 60 Repayments,Secondary Pepper_Tier_B : Repayment Term Condition is not satisfied with 60 Repayments,Tertiary Pepper_Tier_A,Tertiary Pepper_Tier_B,Primary Resimac- low doc,Primary Resimac- light doc : ABN(In Months) is Less then Expected ABN,Secondary Resimac- low doc,"Secondary Resimac- light doc : Loan Amount of greater than 175,000",Tertiary Resimac- low doc : usage_type of used is not allowed,"Tertiary Resimac- light doc : Loan Amount of greater than 150,000"
QF12878,SETTLED,8/28/2024,87474.0,0.0,0.0,60,COMPANY,DEALER,TERTIARY_ASSETS,BEAUTY_EQUIPMENT,2024,NEW,Flexicommercial,10/17/2022,10/17/2022,OWNING,0,22,22,Tertiary Flexi_upto_20K : ABN(In Months) is Less then Expected ABN,Tertiary Flexi_from_20_50K : ABN(In Months) is Less then Expected ABN,Tertiary Flexi_50_300K : ABN(In Months) is Less then Expected ABN,Tertiary Pepper_Tier_A : ABN(In Months) is Less then Expected ABN,Tertiary Pepper_Tier_B : ABN(In Months) is Less then Expected ABN,Tertiary Resimac- low doc : ABN(In Months) is Less then Expected ABN,"Tertiary Resimac- light doc : Loan Amount of greater than 150,000",,,,,,,,,,,,,,,
QF12883,DRAFTED_AMENDED,,22000.0,0.0,0.0,60,COMPANY,DEALER,TERTIARY_ASSETS,BEAUTY_EQUIPMENT,2024,NEW,Pepper,11/18/2022,11/18/2022,OWNING,0,21,21,Tertiary Flexi_upto_20K : ABN(In Months) is Less then Expected ABN,Tertiary Flexi_from_20_50K : ABN(In Months) is Less then Expected ABN,Tertiary Flexi_50_300K : ABN(In Months) is Less then Expected ABN,Tertiary Pepper_Tier_A : ABN(In Months) is Less then Expected ABN,Tertiary Pepper_Tier_B : ABN(In Months) is Less then Expected ABN,Tertiary Resimac- low doc : ABN(In Months) is Less then Expected ABN,"Tertiary Resimac- light doc : Loan Amount of greater than 150,000",,,,,,,,,,,,,,,
QF12920,SETTLED,8/21/2024,140544.5,0.0,0.0,60,COMPANY,DEALER,TERTIARY_ASSETS,BEAUTY_EQUIPMENT,2024,NEW,Flexicommercial,2/17/2006,2/17/2006,OWNING,0,222,222,Tertiary Flexi_upto_20K : Loan Amount Exceded Allowed Loan Limit,Tertiary Flexi_from_20_50K : Loan Amount Exceded Allowed Loan Limit,Tertiary Flexi_50_300K,Tertiary Pepper_Tier_A : Loan Amount Exceded Allowed Loan Limit,Tertiary Pepper_Tier_B : Loan Amount Exceded Allowed Loan Limit,"Tertiary Resimac- low doc : Loan Amount of greater than 1,00,000","Tertiary Resimac- light doc : Loan Amount of greater than 150,000",,,,,,,,,,,,,,,
QF12922,SUBMITTED_NEW,,70834.5,0.0,0.0,60,TRUST,DEALER,TERTIARY_ASSETS,BEAUTY_EQUIPMENT,2024,NEW,Pepper,1/21/2020,1/21/2020,OWNING,0,55,55,Tertiary Flexi_upto_20K : Loan Amount Exceded Allowed Loan Limit,Tertiary Flexi_from_20_50K : Loan Amount Exceded Allowed Loan Limit,Tertiary Flexi_50_300K,Tertiary Pepper_Tier_A,Tertiary Pepper_Tier_B : Loan Amount Exceded Allowed Loan Limit,Tertiary Resimac- low doc,"Tertiary Resimac- light doc : Loan Amount of greater than 150,000",,,,,,,,,,,,,,,
QF12926,SETTLED,8/23/2024,52500.0,0.0,0.0,60,COMPANY,DEALER,TERTIARY_ASSETS,BEAUTY_EQUIPMENT,2024,NEW,Pepper,2/17/2006,2/17/2006,OWNING,0,222,222,Tertiary Flexi_upto_20K : Loan Amount Exceded Allowed Loan Limit,Tertiary Flexi_from_20_50K : Loan Amount Exceded Allowed Loan Limit,Tertiary Flexi_50_300K,Tertiary Pepper_Tier_A,Tertiary Pepper_Tier_B,Tertiary Resimac- low doc,"Tertiary Resimac- light doc : Loan Amount of greater than 150,000",,,,,,,,,,,,,,,
QF12930,SETTLED,8/19/2024,90034.5,2000.0,0.0,60,SOLE TRADERS,DEALER,CARS_AND_LIGHT_TRUCKS,PASSENGER_VEHICLES,2023,NEW,Pepper,,1/1/2001,OWNING,1,1495,283,Primary Flexi_up_to_20K : Loan Amount Exceded Allowed Loan Limit,Primary Flexi_from_20_50K : Loan Amount Exceded Allowed Loan Limit,Primary Flexi_50_300K,Secondary Flexi_upto_20K : Loan Amount Exceded Allowed Loan Limit,Secondary Flexi_from_20_50K : Loan Amount Exceded Allowed Loan Limit,Secondary Flexi_50_300K,Tertiary Flexi_upto_20K : Loan Amount Exceded Allowed Loan Limit,Tertiary Flexi_from_20_50K : Loan Amount Exceded Allowed Loan Limit,Tertiary Flexi_50_300K,Primary Pepper_Tier_A,Primary Pepper_Tier_B,Primary Pepper_Tier_C : Loan Amount Exceded Allowed Loan Limit,Secondary Pepper_Tier_A : Repayment Term Condition is not satisfied with 60 Repayments,Secondary Pepper_Tier_B : Repayment Term Condition is not satisfied with 60 Repayments,Tertiary Pepper_Tier_A : Loan Amount Exceded Allowed Loan Limit,Tertiary Pepper_Tier_B : Loan Amount Exceded Allowed Loan Limit,Primary Resimac- low doc,Primary Resimac- light doc,Secondary Resimac- low doc,"Secondary Resimac- light doc : Loan Amount of greater than 175,000",Tertiary Resimac- low doc,"Tertiary Resimac- light doc : Loan Amount of greater than 150,000"
QF12941,SUBMITTED_NEW,,24984.5,6000.0,0.0,60,TRUST,DEALER,TERTIARY_ASSETS,BEAUTY_EQUIPMENT,2019,NEW,Pepper,1/25/2022,7/1/2016,RENTING,5,31,98,Tertiary Flexi_upto_20K : Loan Amount Exceded Allowed Loan Limit,Tertiary Flexi_from_20_50K,Tertiary Flexi_50_300K : Loan Amount Exceded Allowed Loan Limit,Tertiary Pepper_Tier_A :  Gurantor residence status is not Owned also the Asset is not motor Vehicle,Tertiary Pepper_Tier_B :  Gurantor residence status is not Owned also the Asset is not motor Vehicle,Tertiary Resimac- low doc :  Gurantor residence status is not Owned also the Asset is not motor Vehicle,"Tertiary Resimac- light doc : Loan Amount of greater than 150,000",,,,,,,,,,,,,,,
QF12953,SETTLED,8/29/2024,68000.0,0.0,0.0,60,COMPANY,DEALER,TERTIARY_ASSETS,BEAUTY_EQUIPMENT,2024,NEW,Pepper,10/17/2022,10/17/2022,OWNING,0,22,22,Tertiary Flexi_upto_20K : ABN(In Months) is Less then Expected ABN,Tertiary Flexi_from_20_50K : ABN(In Months) is Less then Expected ABN,Tertiary Flexi_50_300K : ABN(In Months) is Less then Expected ABN,Tertiary Pepper_Tier_A : ABN(In Months) is Less then Expected ABN,Tertiary Pepper_Tier_B : ABN(In Months) is Less then Expected ABN,Tertiary Resimac- low doc : ABN(In Months) is Less then Expected ABN,"Tertiary Resimac- light doc : Loan Amount of greater than 150,000",,,,,,,,,,,,,,,
QF12955,SUBMITTED_NEW,,65524.5,1000.0,0.0,60,COMPANY,DEALER,TERTIARY_ASSETS,BEAUTY_EQUIPMENT,2024,NEW,Pepper,9/29/2020,9/29/2020,OWNING,0,47,47,Tertiary Flexi_upto_20K : Loan Amount Exceded Allowed Loan Limit,Tertiary Flexi_from_20_50K : Loan Amount Exceded Allowed Loan Limit,Tertiary Flexi_50_300K,Tertiary Pepper_Tier_A,Tertiary Pepper_Tier_B : Loan Amount Exceded Allowed Loan Limit,Tertiary Resimac- low doc,"Tertiary Resimac- light doc : Loan Amount of greater than 150,000",,,,,,,,,,,,,,,
QF12979,SUBMITTED_NEW,,34534.5,0.0,0.0,60,SOLE TRADERS,DEALER,PRIMARY_ASSETS,TRAILERS,2024,NEW,Pepper,2/1/2023,12/11/2018,RENTING,0,19,69,Primary Flexi_up_to_20K : Loan Amount Exceded Allowed Loan Limit,Primary Flexi_from_20_50K : GST Months is Less then Expected,Primary Flexi_50_300K : GST Months is Less then Expected,Primary Pepper_Tier_A : GST Months is Less then Expected,Primary Pepper_Tier_B :  Gurantor residence status is not Owned & Asset type is Motor Asset Also Deposit Amount percentage is below Allowed Limit,Primary Pepper_Tier_C :  Gurantor residence status is not Owned & Asset type is Motor Asset Also Deposit Amount percentage is below Allowed Limit,Primary Resimac- low doc : GST Months is Less then Expected,Primary Resimac- light doc : GST Months is Less then Expected,,,,,,,,,,,,,,
